-- phpMyAdmin SQL Dump
-- version 5.2.1
-- https://www.phpmyadmin.net/
--
-- Servidor: 127.0.0.1
-- Tiempo de generación: 25-05-2026 a las 07:07:25
-- Versión del servidor: 10.4.32-MariaDB
-- Versión de PHP: 8.2.12

SET SQL_MODE = "NO_AUTO_VALUE_ON_ZERO";
START TRANSACTION;
SET time_zone = "+00:00";


/*!40101 SET @OLD_CHARACTER_SET_CLIENT=@@CHARACTER_SET_CLIENT */;
/*!40101 SET @OLD_CHARACTER_SET_RESULTS=@@CHARACTER_SET_RESULTS */;
/*!40101 SET @OLD_COLLATION_CONNECTION=@@COLLATION_CONNECTION */;
/*!40101 SET NAMES utf8mb4 */;

--
-- Base de datos: `analitca_animales_bd`
--

-- --------------------------------------------------------

--
-- Estructura de tabla para la tabla `estadisticas_anuales`
--

CREATE TABLE `estadisticas_anuales` (
  `id_stats` int(11) NOT NULL,
  `id_estado` int(11) DEFAULT NULL,
  `anio` int(11) NOT NULL,
  `poblacion_calle` int(11) NOT NULL,
  `poblacion_hogar` int(11) NOT NULL,
  `costo_salud_publica` decimal(15,2) DEFAULT NULL,
  `tasa_esterilizacion` decimal(5,2) DEFAULT NULL
) ENGINE=InnoDB DEFAULT CHARSET=utf8mb4 COLLATE=utf8mb4_unicode_ci;

--
-- Volcado de datos para la tabla `estadisticas_anuales`
--

INSERT INTO `estadisticas_anuales` (`id_stats`, `id_estado`, `anio`, `poblacion_calle`, `poblacion_hogar`, `costo_salud_publica`, `tasa_esterilizacion`) VALUES
(1, 1, 2021, 376843, 1358548, 12500000.00, 15.50),
(2, 2, 2021, 386569, 1006466, 12500000.00, 15.50),
(3, 3, 2021, 453224, 1395910, 12500000.00, 15.50),
(4, 4, 2021, 432146, 1464093, 12500000.00, 15.50),
(5, 5, 2021, 431748, 1254575, 12500000.00, 15.50),
(6, 6, 2021, 413906, 1160095, 12500000.00, 15.50),
(7, 7, 2021, 478473, 1250624, 12500000.00, 15.50),
(8, 8, 2021, 465830, 1321001, 12500000.00, 15.50),
(9, 9, 2021, 444513, 1343406, 12500000.00, 15.50),
(10, 10, 2021, 353274, 1135703, 12500000.00, 15.50),
(11, 11, 2021, 411584, 1487695, 12500000.00, 15.50),
(12, 12, 2021, 340638, 1044889, 12500000.00, 15.50),
(13, 13, 2021, 467865, 1463642, 12500000.00, 15.50),
(14, 14, 2021, 323690, 1405195, 12500000.00, 15.50),
(15, 15, 2021, 439321, 1025928, 12500000.00, 15.50),
(16, 16, 2021, 333893, 1345883, 12500000.00, 15.50),
(17, 17, 2021, 490086, 1338428, 12500000.00, 15.50),
(18, 18, 2021, 406598, 1317190, 12500000.00, 15.50),
(19, 19, 2021, 414585, 1480747, 12500000.00, 15.50),
(20, 20, 2021, 317738, 1279482, 12500000.00, 15.50),
(21, 21, 2021, 405750, 1483432, 12500000.00, 15.50),
(22, 22, 2021, 349614, 1169879, 12500000.00, 15.50),
(23, 23, 2021, 490916, 1376811, 12500000.00, 15.50),
(24, 24, 2021, 480875, 1130501, 12500000.00, 15.50),
(25, 25, 2021, 418378, 1088224, 12500000.00, 15.50),
(26, 26, 2021, 321314, 1001752, 12500000.00, 15.50),
(27, 27, 2021, 439562, 1239271, 12500000.00, 15.50),
(28, 28, 2021, 359856, 1030386, 12500000.00, 15.50),
(29, 29, 2021, 381204, 1423894, 12500000.00, 15.50),
(30, 30, 2021, 304176, 1280515, 12500000.00, 15.50),
(31, 31, 2021, 448503, 1014741, 12500000.00, 15.50),
(32, 32, 2021, 483974, 1255450, 12500000.00, 15.50),
(64, 1, 2022, 468979, 1270886, 12800000.00, 16.20),
(65, 2, 2022, 474835, 1447781, 12800000.00, 16.20),
(66, 3, 2022, 411056, 1119858, 12800000.00, 16.20),
(67, 4, 2022, 346548, 1297277, 12800000.00, 16.20),
(68, 5, 2022, 494909, 1119534, 12800000.00, 16.20),
(69, 6, 2022, 494340, 1145649, 12800000.00, 16.20),
(70, 7, 2022, 348278, 1241530, 12800000.00, 16.20),
(71, 8, 2022, 378225, 1328224, 12800000.00, 16.20),
(72, 9, 2022, 461773, 1112491, 12800000.00, 16.20),
(73, 10, 2022, 379662, 1233306, 12800000.00, 16.20),
(74, 11, 2022, 467625, 1470394, 12800000.00, 16.20),
(75, 12, 2022, 477913, 1387733, 12800000.00, 16.20),
(76, 13, 2022, 481727, 1183382, 12800000.00, 16.20),
(77, 14, 2022, 461585, 1544668, 12800000.00, 16.20),
(78, 15, 2022, 444581, 1248258, 12800000.00, 16.20),
(79, 16, 2022, 502772, 1364880, 12800000.00, 16.20),
(80, 17, 2022, 361443, 1248395, 12800000.00, 16.20),
(81, 18, 2022, 352463, 1485596, 12800000.00, 16.20),
(82, 19, 2022, 453805, 1540768, 12800000.00, 16.20),
(83, 20, 2022, 460123, 1454234, 12800000.00, 16.20),
(84, 21, 2022, 468099, 1313535, 12800000.00, 16.20),
(85, 22, 2022, 362773, 1419060, 12800000.00, 16.20),
(86, 23, 2022, 489800, 1190322, 12800000.00, 16.20),
(87, 24, 2022, 451243, 1394575, 12800000.00, 16.20),
(88, 25, 2022, 375420, 1334023, 12800000.00, 16.20),
(89, 26, 2022, 481787, 1345269, 12800000.00, 16.20),
(90, 27, 2022, 385177, 1103907, 12800000.00, 16.20),
(91, 28, 2022, 392282, 1416809, 12800000.00, 16.20),
(92, 29, 2022, 396770, 1534202, 12800000.00, 16.20),
(93, 30, 2022, 418094, 1448565, 12800000.00, 16.20),
(94, 31, 2022, 382848, 1264907, 12800000.00, 16.20),
(95, 32, 2022, 321270, 1546151, 12800000.00, 16.20),
(127, 1, 2023, 478493, 1592705, 13000000.00, 17.00),
(128, 2, 2023, 429933, 1496041, 13000000.00, 17.00),
(129, 3, 2023, 382285, 1190439, 13000000.00, 17.00),
(130, 4, 2023, 514022, 1253960, 13000000.00, 17.00),
(131, 5, 2023, 445853, 1211286, 13000000.00, 17.00),
(132, 6, 2023, 365012, 1328798, 13000000.00, 17.00),
(133, 7, 2023, 442558, 1445582, 13000000.00, 17.00),
(134, 8, 2023, 443491, 1106886, 13000000.00, 17.00),
(135, 9, 2023, 363299, 1120584, 13000000.00, 17.00),
(136, 10, 2023, 431270, 1429123, 13000000.00, 17.00),
(137, 11, 2023, 444436, 1168082, 13000000.00, 17.00),
(138, 12, 2023, 482855, 1431448, 13000000.00, 17.00),
(139, 13, 2023, 494330, 1284781, 13000000.00, 17.00),
(140, 14, 2023, 366572, 1127807, 13000000.00, 17.00),
(141, 15, 2023, 435898, 1465301, 13000000.00, 17.00),
(142, 16, 2023, 502909, 1290462, 13000000.00, 17.00),
(143, 17, 2023, 352196, 1431062, 13000000.00, 17.00),
(144, 18, 2023, 485536, 1176016, 13000000.00, 17.00),
(145, 19, 2023, 375423, 1564741, 13000000.00, 17.00),
(146, 20, 2023, 483213, 1245940, 13000000.00, 17.00),
(147, 21, 2023, 322241, 1190196, 13000000.00, 17.00),
(148, 22, 2023, 493668, 1500257, 13000000.00, 17.00),
(149, 23, 2023, 399512, 1393125, 13000000.00, 17.00),
(150, 24, 2023, 467714, 1567055, 13000000.00, 17.00),
(151, 25, 2023, 410967, 1335920, 13000000.00, 17.00),
(152, 26, 2023, 518940, 1378988, 13000000.00, 17.00),
(153, 27, 2023, 481156, 1277486, 13000000.00, 17.00),
(154, 28, 2023, 391503, 1461336, 13000000.00, 17.00),
(155, 29, 2023, 428162, 1368019, 13000000.00, 17.00),
(156, 30, 2023, 331551, 1440329, 13000000.00, 17.00),
(157, 31, 2023, 366006, 1154087, 13000000.00, 17.00),
(158, 32, 2023, 490156, 1564694, 13000000.00, 17.00),
(190, 1, 2024, 348918, 1492393, 13200000.00, 18.50),
(191, 2, 2024, 358033, 1473228, 13200000.00, 18.50),
(192, 3, 2024, 492358, 1209789, 13200000.00, 18.50),
(193, 4, 2024, 362505, 1376942, 13200000.00, 18.50),
(194, 5, 2024, 486371, 1423806, 13200000.00, 18.50),
(195, 6, 2024, 408499, 1309825, 13200000.00, 18.50),
(196, 7, 2024, 414152, 1222420, 13200000.00, 18.50),
(197, 8, 2024, 422386, 1587565, 13200000.00, 18.50),
(198, 9, 2024, 527972, 1311954, 13200000.00, 18.50),
(199, 10, 2024, 459992, 1289034, 13200000.00, 18.50),
(200, 11, 2024, 418093, 1334059, 13200000.00, 18.50),
(201, 12, 2024, 433840, 1395817, 13200000.00, 18.50),
(202, 13, 2024, 510116, 1163995, 13200000.00, 18.50),
(203, 14, 2024, 417643, 1203557, 13200000.00, 18.50),
(204, 15, 2024, 374183, 1541616, 13200000.00, 18.50),
(205, 16, 2024, 380684, 1608699, 13200000.00, 18.50),
(206, 17, 2024, 495347, 1340742, 13200000.00, 18.50),
(207, 18, 2024, 415443, 1645808, 13200000.00, 18.50),
(208, 19, 2024, 465287, 1353664, 13200000.00, 18.50),
(209, 20, 2024, 331467, 1557346, 13200000.00, 18.50),
(210, 21, 2024, 340292, 1556605, 13200000.00, 18.50),
(211, 22, 2024, 512336, 1209382, 13200000.00, 18.50),
(212, 23, 2024, 501757, 1618811, 13200000.00, 18.50),
(213, 24, 2024, 352352, 1522966, 13200000.00, 18.50),
(214, 25, 2024, 408877, 1517063, 13200000.00, 18.50),
(215, 26, 2024, 427496, 1267505, 13200000.00, 18.50),
(216, 27, 2024, 472524, 1579029, 13200000.00, 18.50),
(217, 28, 2024, 360487, 1243998, 13200000.00, 18.50),
(218, 29, 2024, 426536, 1574702, 13200000.00, 18.50),
(219, 30, 2024, 489797, 1373359, 13200000.00, 18.50),
(220, 31, 2024, 497327, 1571511, 13200000.00, 18.50),
(221, 32, 2024, 471040, 1648469, 13200000.00, 18.50),
(253, 1, 2025, 513819, 1377324, 13500000.00, 19.80),
(254, 2, 2025, 373192, 1582926, 13500000.00, 19.80),
(255, 3, 2025, 406277, 1379684, 13500000.00, 19.80),
(256, 4, 2025, 500536, 1667651, 13500000.00, 19.80),
(257, 5, 2025, 393694, 1468220, 13500000.00, 19.80),
(258, 6, 2025, 515358, 1587316, 13500000.00, 19.80),
(259, 7, 2025, 388559, 1645033, 13500000.00, 19.80),
(260, 8, 2025, 484391, 1669788, 13500000.00, 19.80),
(261, 9, 2025, 446403, 1620674, 13500000.00, 19.80),
(262, 10, 2025, 462140, 1464722, 13500000.00, 19.80),
(263, 11, 2025, 503025, 1443646, 13500000.00, 19.80),
(264, 12, 2025, 538217, 1446777, 13500000.00, 19.80),
(265, 13, 2025, 438902, 1695944, 13500000.00, 19.80),
(266, 14, 2025, 435182, 1401943, 13500000.00, 19.80),
(267, 15, 2025, 458340, 1573426, 13500000.00, 19.80),
(268, 16, 2025, 531830, 1477600, 13500000.00, 19.80),
(269, 17, 2025, 519710, 1613571, 13500000.00, 19.80),
(270, 18, 2025, 428013, 1559447, 13500000.00, 19.80),
(271, 19, 2025, 394856, 1307357, 13500000.00, 19.80),
(272, 20, 2025, 390146, 1504753, 13500000.00, 19.80),
(273, 21, 2025, 399069, 1524102, 13500000.00, 19.80),
(274, 22, 2025, 410997, 1615161, 13500000.00, 19.80),
(275, 23, 2025, 357329, 1671132, 13500000.00, 19.80),
(276, 24, 2025, 430277, 1415068, 13500000.00, 19.80),
(277, 25, 2025, 499305, 1546108, 13500000.00, 19.80),
(278, 26, 2025, 354301, 1340440, 13500000.00, 19.80),
(279, 27, 2025, 377976, 1253380, 13500000.00, 19.80),
(280, 28, 2025, 532832, 1450260, 13500000.00, 19.80),
(281, 29, 2025, 462024, 1474522, 13500000.00, 19.80),
(282, 30, 2025, 522971, 1663575, 13500000.00, 19.80),
(283, 31, 2025, 518236, 1537223, 13500000.00, 19.80),
(284, 32, 2025, 479738, 1435056, 13500000.00, 19.80);

-- --------------------------------------------------------

--
-- Estructura de tabla para la tabla `estados`
--

CREATE TABLE `estados` (
  `id_estado` int(11) NOT NULL,
  `codigo_hc` varchar(10) NOT NULL,
  `nombre_estado` varchar(100) NOT NULL
) ENGINE=InnoDB DEFAULT CHARSET=utf8mb4 COLLATE=utf8mb4_unicode_ci;

--
-- Volcado de datos para la tabla `estados`
--

INSERT INTO `estados` (`id_estado`, `codigo_hc`, `nombre_estado`) VALUES
(1, 'mx-ag', 'Aguascalientes'),
(2, 'mx-bc', 'Baja California'),
(3, 'mx-bs', 'Baja California Sur'),
(4, 'mx-cm', 'Campeche'),
(5, 'mx-cs', 'Chiapas'),
(6, 'mx-ch', 'Chihuahua'),
(7, 'mx-co', 'Coahuila'),
(8, 'mx-cl', 'Colima'),
(9, 'mx-df', 'Ciudad de México'),
(10, 'mx-dg', 'Durango'),
(11, 'mx-gj', 'Guanajuato'),
(12, 'mx-gr', 'Guerrero'),
(13, 'mx-hg', 'Hidalgo'),
(14, 'mx-ja', 'Jalisco'),
(15, 'mx-me', 'Estado de México'),
(16, 'mx-mi', 'Michoacán'),
(17, 'mx-mo', 'Morelos'),
(18, 'mx-na', 'Nayarit'),
(19, 'mx-nl', 'Nuevo León'),
(20, 'mx-oa', 'Oaxaca'),
(21, 'mx-pu', 'Puebla'),
(22, 'mx-qt', 'Querétaro'),
(23, 'mx-qr', 'Quintana Roo'),
(24, 'mx-sl', 'San Luis Potosí'),
(25, 'mx-si', 'Sinaloa'),
(26, 'mx-so', 'Sonora'),
(27, 'mx-tb', 'Tabasco'),
(28, 'mx-tm', 'Tamaulipas'),
(29, 'mx-tl', 'Tlaxcala'),
(30, 'mx-ve', 'Veracruz'),
(31, 'mx-yu', 'Yucatán'),
(32, 'mx-za', 'Zacatecas');

-- --------------------------------------------------------

--
-- Estructura de tabla para la tabla `perfil_animal`
--

CREATE TABLE `perfil_animal` (
  `id_animal` int(11) NOT NULL,
  `id_estado` int(11) DEFAULT NULL,
  `edad_meses` int(11) DEFAULT NULL,
  `tamano` enum('pequeño','mediano','grande') DEFAULT NULL,
  `salud_estado` enum('vacunado','esterilizado','especial','pendiente') DEFAULT NULL,
  `tiempo_refugio_dias` int(11) DEFAULT NULL,
  `adoptado` tinyint(1) DEFAULT 0
) ENGINE=InnoDB DEFAULT CHARSET=utf8mb4 COLLATE=utf8mb4_unicode_ci;

--
-- Volcado de datos para la tabla `perfil_animal`
--

INSERT INTO `perfil_animal` (`id_animal`, `id_estado`, `edad_meses`, `tamano`, `salud_estado`, `tiempo_refugio_dias`, `adoptado`) VALUES
(1, 9, 104, 'mediano', 'vacunado', 39, 0),
(2, 4, 29, 'grande', 'pendiente', 167, 1),
(3, 16, 9, 'grande', 'esterilizado', 362, 1),
(4, 20, 40, 'grande', 'pendiente', 191, 1),
(5, 25, 104, 'pequeño', 'esterilizado', 35, 0),
(6, 25, 17, 'mediano', 'especial', 124, 1),
(7, 19, 48, 'pequeño', 'pendiente', 158, 1),
(8, 14, 108, 'pequeño', 'esterilizado', 4, 0),
(9, 12, 61, 'mediano', 'pendiente', 90, 0),
(10, 8, 112, 'grande', 'vacunado', 189, 0),
(11, 2, 37, 'mediano', 'pendiente', 173, 1),
(12, 23, 77, 'pequeño', 'especial', 126, 0),
(13, 24, 29, 'grande', 'vacunado', 358, 0),
(14, 25, 105, 'pequeño', 'esterilizado', 87, 1),
(15, 13, 63, 'mediano', 'especial', 97, 1),
(16, 10, 2, 'pequeño', 'pendiente', 203, 0),
(17, 1, 9, 'pequeño', 'esterilizado', 274, 1),
(18, 16, 15, 'pequeño', 'especial', 124, 1),
(19, 24, 95, 'grande', 'esterilizado', 316, 0),
(20, 19, 96, 'pequeño', 'pendiente', 37, 0),
(21, 28, 68, 'pequeño', 'especial', 51, 1),
(22, 12, 114, 'mediano', 'esterilizado', 69, 1),
(23, 21, 40, 'grande', 'esterilizado', 107, 0),
(24, 11, 65, 'grande', 'pendiente', 78, 0),
(25, 25, 54, 'grande', 'vacunado', 221, 1),
(26, 20, 45, 'pequeño', 'vacunado', 57, 1),
(27, 22, 54, 'pequeño', 'pendiente', 94, 1),
(28, 29, 74, 'mediano', 'esterilizado', 133, 1),
(29, 31, 49, 'pequeño', 'esterilizado', 169, 0),
(30, 24, 4, 'grande', 'especial', 353, 0),
(31, 1, 60, 'mediano', 'pendiente', 315, 1),
(32, 5, 54, 'grande', 'pendiente', 222, 1),
(33, 1, 49, 'grande', 'especial', 80, 0),
(34, 14, 60, 'pequeño', 'especial', 361, 0),
(35, 30, 56, 'mediano', 'esterilizado', 128, 1),
(36, 20, 56, 'mediano', 'vacunado', 219, 1),
(37, 3, 53, 'grande', 'especial', 11, 0),
(38, 23, 49, 'grande', 'esterilizado', 233, 1),
(39, 21, 10, 'mediano', 'vacunado', 145, 0),
(40, 6, 50, 'mediano', 'especial', 190, 1),
(41, 21, 39, 'grande', 'esterilizado', 358, 1),
(42, 18, 76, 'mediano', 'especial', 353, 1),
(43, 22, 27, 'pequeño', 'pendiente', 317, 1),
(44, 19, 40, 'grande', 'especial', 306, 1),
(45, 14, 15, 'mediano', 'esterilizado', 6, 1),
(46, 4, 4, 'grande', 'vacunado', 222, 1),
(47, 6, 105, 'grande', 'esterilizado', 361, 0),
(48, 14, 75, 'grande', 'especial', 62, 0),
(49, 8, 88, 'grande', 'esterilizado', 247, 1),
(50, 14, 53, 'grande', 'esterilizado', 259, 1),
(51, 6, 105, 'grande', 'especial', 273, 1),
(52, 16, 26, 'mediano', 'esterilizado', 336, 1),
(53, 3, 82, 'pequeño', 'pendiente', 205, 0),
(54, 4, 56, 'grande', 'especial', 278, 0),
(55, 18, 33, 'grande', 'especial', 354, 0),
(56, 9, 29, 'mediano', 'vacunado', 273, 0),
(57, 26, 47, 'mediano', 'esterilizado', 312, 1),
(58, 14, 92, 'mediano', 'esterilizado', 328, 1),
(59, 13, 16, 'mediano', 'pendiente', 163, 0),
(60, 7, 11, 'grande', 'pendiente', 27, 1),
(61, 27, 41, 'pequeño', 'pendiente', 363, 0),
(62, 8, 57, 'mediano', 'especial', 188, 1),
(63, 7, 50, 'mediano', 'pendiente', 99, 1),
(64, 8, 40, 'grande', 'especial', 329, 0),
(65, 19, 22, 'pequeño', 'vacunado', 81, 1),
(66, 1, 101, 'pequeño', 'esterilizado', 360, 0),
(67, 9, 30, 'mediano', 'vacunado', 10, 0),
(68, 30, 49, 'pequeño', 'vacunado', 219, 1),
(69, 2, 118, 'grande', 'especial', 45, 1),
(70, 28, 41, 'pequeño', 'especial', 328, 1),
(71, 27, 75, 'mediano', 'esterilizado', 235, 0),
(72, 16, 65, 'pequeño', 'especial', 286, 1),
(73, 15, 116, 'mediano', 'especial', 41, 0),
(74, 25, 91, 'mediano', 'vacunado', 241, 1),
(75, 1, 36, 'mediano', 'vacunado', 351, 0),
(76, 14, 105, 'pequeño', 'pendiente', 167, 0),
(77, 21, 117, 'grande', 'pendiente', 59, 0),
(78, 20, 92, 'grande', 'especial', 191, 0),
(79, 30, 21, 'pequeño', 'especial', 197, 0),
(80, 26, 65, 'pequeño', 'pendiente', 266, 1),
(81, 1, 71, 'grande', 'especial', 220, 0),
(82, 16, 29, 'grande', 'vacunado', 360, 1),
(83, 30, 33, 'mediano', 'vacunado', 128, 0),
(84, 4, 56, 'grande', 'especial', 253, 1),
(85, 9, 94, 'pequeño', 'vacunado', 336, 1),
(86, 25, 41, 'mediano', 'pendiente', 49, 0),
(87, 6, 65, 'pequeño', 'vacunado', 242, 1),
(88, 1, 40, 'mediano', 'pendiente', 263, 1),
(89, 16, 73, 'mediano', 'vacunado', 21, 1),
(90, 23, 18, 'mediano', 'pendiente', 26, 1),
(91, 17, 84, 'grande', 'especial', 276, 1),
(92, 22, 76, 'pequeño', 'especial', 285, 0),
(93, 30, 53, 'mediano', 'pendiente', 67, 0),
(94, 15, 80, 'grande', 'pendiente', 5, 1),
(95, 22, 14, 'mediano', 'esterilizado', 256, 0),
(96, 8, 5, 'mediano', 'vacunado', 299, 0),
(97, 24, 71, 'grande', 'pendiente', 315, 1),
(98, 31, 12, 'mediano', 'especial', 209, 1),
(99, 17, 10, 'grande', 'pendiente', 50, 1),
(100, 2, 63, 'mediano', 'pendiente', 89, 0),
(101, 3, 43, 'mediano', 'esterilizado', 179, 0),
(102, 29, 71, 'pequeño', 'especial', 225, 1),
(103, 4, 61, 'pequeño', 'especial', 264, 1),
(104, 18, 13, 'grande', 'vacunado', 355, 0),
(105, 15, 109, 'pequeño', 'pendiente', 278, 0),
(106, 18, 74, 'mediano', 'esterilizado', 217, 1),
(107, 8, 100, 'mediano', 'esterilizado', 51, 0),
(108, 5, 99, 'mediano', 'pendiente', 20, 1),
(109, 4, 1, 'mediano', 'esterilizado', 220, 0),
(110, 14, 4, 'grande', 'vacunado', 303, 1),
(111, 10, 81, 'mediano', 'vacunado', 117, 0),
(112, 8, 56, 'mediano', 'especial', 62, 0),
(113, 28, 4, 'mediano', 'pendiente', 2, 0),
(114, 19, 60, 'grande', 'esterilizado', 190, 1),
(115, 31, 30, 'mediano', 'vacunado', 296, 0),
(116, 29, 7, 'mediano', 'pendiente', 80, 1),
(117, 27, 8, 'grande', 'pendiente', 155, 0),
(118, 17, 11, 'grande', 'vacunado', 159, 1),
(119, 7, 58, 'grande', 'especial', 217, 0),
(120, 32, 54, 'pequeño', 'vacunado', 187, 0),
(121, 7, 118, 'pequeño', 'esterilizado', 117, 0),
(122, 20, 19, 'grande', 'vacunado', 203, 1),
(123, 14, 24, 'grande', 'vacunado', 272, 0),
(124, 10, 24, 'pequeño', 'especial', 153, 1),
(125, 14, 35, 'pequeño', 'vacunado', 199, 1),
(126, 24, 84, 'pequeño', 'vacunado', 78, 0),
(127, 23, 13, 'mediano', 'pendiente', 302, 1),
(128, 27, 20, 'pequeño', 'vacunado', 304, 1),
(129, 26, 2, 'grande', 'esterilizado', 274, 1),
(130, 4, 56, 'pequeño', 'pendiente', 23, 1),
(131, 25, 49, 'grande', 'especial', 132, 0),
(132, 6, 10, 'grande', 'esterilizado', 278, 1),
(133, 9, 76, 'mediano', 'pendiente', 17, 1),
(134, 25, 58, 'pequeño', 'vacunado', 130, 0),
(135, 23, 50, 'grande', 'especial', 232, 0),
(136, 4, 72, 'mediano', 'esterilizado', 212, 0),
(137, 15, 25, 'mediano', 'esterilizado', 181, 0),
(138, 29, 20, 'pequeño', 'esterilizado', 289, 1),
(139, 9, 88, 'grande', 'vacunado', 34, 0),
(140, 31, 78, 'mediano', 'pendiente', 43, 0),
(141, 2, 119, 'grande', 'vacunado', 233, 0),
(142, 1, 57, 'pequeño', 'vacunado', 44, 1),
(143, 12, 1, 'grande', 'especial', 66, 0),
(144, 4, 14, 'pequeño', 'pendiente', 60, 1),
(145, 23, 2, 'grande', 'especial', 241, 0),
(146, 32, 49, 'pequeño', 'pendiente', 98, 1),
(147, 31, 65, 'grande', 'esterilizado', 350, 0),
(148, 27, 12, 'pequeño', 'pendiente', 24, 1),
(149, 1, 63, 'mediano', 'esterilizado', 310, 0),
(150, 31, 98, 'pequeño', 'especial', 287, 1),
(151, 29, 113, 'grande', 'vacunado', 183, 0),
(152, 23, 102, 'pequeño', 'pendiente', 85, 0),
(153, 21, 90, 'grande', 'vacunado', 198, 1),
(154, 20, 15, 'grande', 'esterilizado', 42, 0),
(155, 7, 89, 'pequeño', 'pendiente', 308, 0),
(156, 21, 65, 'grande', 'vacunado', 182, 0),
(157, 22, 25, 'pequeño', 'especial', 80, 0),
(158, 19, 87, 'grande', 'esterilizado', 294, 0),
(159, 9, 106, 'mediano', 'esterilizado', 124, 0),
(160, 29, 44, 'pequeño', 'esterilizado', 6, 1),
(161, 9, 41, 'grande', 'especial', 319, 1),
(162, 14, 80, 'pequeño', 'esterilizado', 159, 0),
(163, 23, 105, 'pequeño', 'pendiente', 355, 1),
(164, 32, 22, 'grande', 'vacunado', 19, 1),
(165, 15, 17, 'pequeño', 'vacunado', 239, 1),
(166, 22, 77, 'pequeño', 'pendiente', 132, 1),
(167, 21, 73, 'pequeño', 'especial', 329, 1),
(168, 9, 62, 'grande', 'esterilizado', 173, 0),
(169, 32, 14, 'mediano', 'especial', 7, 0),
(170, 5, 45, 'mediano', 'vacunado', 3, 1),
(171, 8, 72, 'pequeño', 'especial', 188, 1),
(172, 5, 8, 'grande', 'esterilizado', 104, 0),
(173, 3, 106, 'pequeño', 'vacunado', 261, 1),
(174, 13, 54, 'pequeño', 'pendiente', 211, 0),
(175, 15, 16, 'pequeño', 'vacunado', 211, 1),
(176, 10, 86, 'mediano', 'vacunado', 205, 1),
(177, 27, 76, 'mediano', 'esterilizado', 15, 1),
(178, 27, 16, 'pequeño', 'especial', 203, 1),
(179, 23, 111, 'mediano', 'especial', 131, 0),
(180, 21, 95, 'pequeño', 'especial', 149, 1),
(181, 20, 25, 'pequeño', 'vacunado', 169, 1),
(182, 11, 54, 'pequeño', 'pendiente', 124, 0),
(183, 12, 112, 'mediano', 'vacunado', 134, 0),
(184, 17, 23, 'mediano', 'esterilizado', 320, 0),
(185, 4, 13, 'pequeño', 'especial', 155, 0),
(186, 13, 4, 'grande', 'especial', 309, 1),
(187, 25, 110, 'pequeño', 'esterilizado', 364, 0),
(188, 1, 14, 'mediano', 'vacunado', 112, 0),
(189, 11, 53, 'pequeño', 'pendiente', 254, 1),
(190, 2, 98, 'grande', 'pendiente', 355, 0),
(191, 20, 92, 'grande', 'especial', 316, 1),
(192, 23, 69, 'grande', 'pendiente', 35, 1),
(193, 14, 31, 'pequeño', 'esterilizado', 299, 1),
(194, 10, 79, 'mediano', 'pendiente', 350, 0),
(195, 2, 11, 'pequeño', 'esterilizado', 142, 0),
(196, 20, 63, 'grande', 'especial', 199, 1),
(197, 27, 51, 'mediano', 'pendiente', 256, 1),
(198, 19, 81, 'mediano', 'vacunado', 356, 0),
(199, 25, 99, 'grande', 'especial', 165, 1),
(200, 10, 102, 'mediano', 'esterilizado', 76, 0),
(201, 24, 105, 'pequeño', 'vacunado', 110, 0),
(202, 11, 59, 'mediano', 'pendiente', 41, 1),
(203, 27, 85, 'grande', 'pendiente', 91, 1),
(204, 26, 109, 'pequeño', 'especial', 167, 0),
(205, 28, 20, 'pequeño', 'especial', 285, 1),
(206, 22, 3, 'pequeño', 'vacunado', 189, 0),
(207, 15, 83, 'pequeño', 'esterilizado', 114, 1),
(208, 8, 36, 'grande', 'pendiente', 13, 1),
(209, 30, 100, 'mediano', 'esterilizado', 201, 1),
(210, 5, 55, 'grande', 'pendiente', 275, 0),
(211, 23, 107, 'mediano', 'vacunado', 219, 1),
(212, 6, 6, 'grande', 'especial', 188, 1),
(213, 4, 91, 'mediano', 'pendiente', 157, 0),
(214, 5, 108, 'pequeño', 'especial', 158, 1),
(215, 27, 33, 'grande', 'esterilizado', 256, 0),
(216, 21, 84, 'mediano', 'pendiente', 14, 0),
(217, 6, 3, 'mediano', 'vacunado', 309, 1),
(218, 8, 118, 'pequeño', 'pendiente', 184, 0),
(219, 9, 106, 'mediano', 'esterilizado', 20, 0),
(220, 19, 49, 'pequeño', 'esterilizado', 319, 0),
(221, 24, 111, 'mediano', 'pendiente', 301, 0),
(222, 18, 18, 'pequeño', 'pendiente', 101, 1),
(223, 20, 5, 'pequeño', 'especial', 270, 0),
(224, 1, 116, 'grande', 'pendiente', 67, 0),
(225, 22, 74, 'pequeño', 'esterilizado', 7, 1),
(226, 28, 113, 'pequeño', 'especial', 109, 0),
(227, 23, 72, 'grande', 'esterilizado', 180, 0),
(228, 26, 27, 'grande', 'pendiente', 253, 1),
(229, 20, 45, 'pequeño', 'vacunado', 353, 0),
(230, 24, 43, 'mediano', 'especial', 30, 1),
(231, 28, 108, 'grande', 'especial', 240, 0),
(232, 21, 35, 'mediano', 'esterilizado', 18, 1),
(233, 22, 11, 'mediano', 'pendiente', 319, 1),
(234, 27, 61, 'grande', 'esterilizado', 166, 1),
(235, 21, 96, 'pequeño', 'pendiente', 180, 1),
(236, 24, 89, 'mediano', 'esterilizado', 294, 0),
(237, 27, 53, 'mediano', 'vacunado', 9, 0),
(238, 16, 12, 'pequeño', 'pendiente', 2, 1),
(239, 29, 92, 'pequeño', 'esterilizado', 79, 0),
(240, 32, 61, 'mediano', 'esterilizado', 95, 0),
(241, 22, 14, 'mediano', 'esterilizado', 325, 1),
(242, 6, 19, 'pequeño', 'pendiente', 157, 1),
(243, 25, 1, 'grande', 'especial', 170, 1),
(244, 16, 6, 'grande', 'pendiente', 53, 1),
(245, 15, 42, 'mediano', 'pendiente', 362, 0),
(246, 15, 103, 'grande', 'pendiente', 256, 1),
(247, 10, 110, 'mediano', 'esterilizado', 46, 0),
(248, 24, 48, 'grande', 'especial', 48, 1),
(249, 17, 94, 'mediano', 'especial', 45, 1),
(250, 23, 83, 'pequeño', 'especial', 304, 0),
(251, 28, 112, 'pequeño', 'esterilizado', 30, 0),
(252, 4, 39, 'pequeño', 'esterilizado', 63, 1),
(253, 27, 19, 'pequeño', 'pendiente', 208, 0),
(254, 13, 36, 'pequeño', 'especial', 189, 1),
(255, 31, 35, 'mediano', 'pendiente', 266, 0),
(256, 30, 67, 'pequeño', 'esterilizado', 298, 1),
(257, 14, 19, 'mediano', 'vacunado', 14, 1),
(258, 3, 107, 'pequeño', 'esterilizado', 337, 1),
(259, 26, 101, 'grande', 'especial', 82, 1),
(260, 31, 28, 'pequeño', 'especial', 82, 0),
(261, 30, 78, 'mediano', 'esterilizado', 126, 1),
(262, 16, 31, 'grande', 'esterilizado', 290, 1),
(263, 16, 84, 'pequeño', 'vacunado', 31, 0),
(264, 12, 104, 'pequeño', 'especial', 323, 1),
(265, 27, 56, 'grande', 'pendiente', 136, 1),
(266, 17, 5, 'mediano', 'pendiente', 291, 0),
(267, 21, 78, 'pequeño', 'esterilizado', 14, 0),
(268, 12, 66, 'mediano', 'especial', 312, 1),
(269, 16, 68, 'mediano', 'esterilizado', 43, 1),
(270, 23, 4, 'pequeño', 'esterilizado', 135, 1),
(271, 9, 80, 'mediano', 'pendiente', 44, 0),
(272, 11, 72, 'pequeño', 'esterilizado', 262, 0),
(273, 11, 19, 'grande', 'esterilizado', 349, 0),
(274, 3, 32, 'pequeño', 'especial', 178, 1),
(275, 21, 89, 'grande', 'especial', 37, 0),
(276, 27, 111, 'pequeño', 'especial', 36, 0),
(277, 3, 115, 'mediano', 'pendiente', 211, 0),
(278, 4, 52, 'grande', 'pendiente', 248, 1),
(279, 16, 82, 'grande', 'pendiente', 2, 1),
(280, 14, 4, 'grande', 'esterilizado', 52, 1),
(281, 22, 65, 'mediano', 'especial', 39, 1),
(282, 8, 1, 'pequeño', 'especial', 91, 0),
(283, 23, 86, 'mediano', 'pendiente', 161, 0),
(284, 21, 119, 'pequeño', 'esterilizado', 84, 0),
(285, 29, 67, 'pequeño', 'especial', 342, 1),
(286, 10, 117, 'pequeño', 'vacunado', 200, 0),
(287, 11, 62, 'mediano', 'vacunado', 190, 1),
(288, 27, 67, 'pequeño', 'especial', 189, 1),
(289, 14, 45, 'mediano', 'especial', 356, 1),
(290, 12, 102, 'pequeño', 'vacunado', 235, 1),
(291, 28, 68, 'pequeño', 'especial', 108, 1),
(292, 10, 72, 'pequeño', 'especial', 170, 1),
(293, 10, 28, 'pequeño', 'especial', 283, 1),
(294, 6, 92, 'pequeño', 'esterilizado', 126, 1),
(295, 25, 109, 'pequeño', 'esterilizado', 269, 0),
(296, 27, 55, 'grande', 'pendiente', 234, 1),
(297, 19, 99, 'mediano', 'vacunado', 55, 0),
(298, 27, 113, 'pequeño', 'esterilizado', 77, 1),
(299, 26, 34, 'pequeño', 'esterilizado', 219, 1),
(300, 2, 40, 'mediano', 'esterilizado', 332, 0),
(301, 27, 96, 'mediano', 'vacunado', 165, 1),
(302, 29, 65, 'grande', 'esterilizado', 291, 1),
(303, 6, 12, 'grande', 'especial', 320, 1),
(304, 31, 67, 'grande', 'vacunado', 338, 0),
(305, 28, 104, 'grande', 'vacunado', 303, 0),
(306, 29, 1, 'mediano', 'pendiente', 2, 1),
(307, 26, 36, 'pequeño', 'especial', 309, 0),
(308, 4, 69, 'mediano', 'pendiente', 222, 1),
(309, 1, 37, 'mediano', 'especial', 29, 0),
(310, 23, 3, 'grande', 'especial', 119, 1),
(311, 24, 53, 'grande', 'especial', 28, 1),
(312, 20, 42, 'grande', 'esterilizado', 162, 1),
(313, 14, 26, 'grande', 'especial', 35, 1),
(314, 10, 84, 'mediano', 'pendiente', 24, 0),
(315, 22, 37, 'mediano', 'esterilizado', 305, 1),
(316, 19, 61, 'grande', 'esterilizado', 8, 0),
(317, 20, 118, 'pequeño', 'especial', 185, 1),
(318, 24, 14, 'mediano', 'esterilizado', 9, 1),
(319, 11, 119, 'grande', 'pendiente', 68, 1),
(320, 31, 28, 'pequeño', 'pendiente', 130, 0),
(321, 31, 26, 'pequeño', 'vacunado', 54, 0),
(322, 15, 9, 'pequeño', 'vacunado', 5, 1),
(323, 26, 3, 'grande', 'especial', 168, 0),
(324, 27, 2, 'mediano', 'pendiente', 178, 1),
(325, 3, 85, 'pequeño', 'vacunado', 84, 1),
(326, 32, 39, 'mediano', 'esterilizado', 246, 0),
(327, 27, 11, 'grande', 'esterilizado', 3, 1),
(328, 27, 21, 'mediano', 'especial', 289, 0),
(329, 6, 59, 'grande', 'esterilizado', 283, 1),
(330, 3, 85, 'pequeño', 'esterilizado', 181, 1),
(331, 16, 59, 'grande', 'esterilizado', 286, 1),
(332, 8, 46, 'pequeño', 'vacunado', 150, 1),
(333, 22, 56, 'pequeño', 'pendiente', 263, 1),
(334, 12, 12, 'mediano', 'especial', 168, 0),
(335, 3, 16, 'mediano', 'especial', 339, 1),
(336, 32, 79, 'mediano', 'especial', 226, 1),
(337, 22, 78, 'pequeño', 'vacunado', 252, 0),
(338, 11, 94, 'grande', 'vacunado', 159, 0),
(339, 3, 109, 'pequeño', 'pendiente', 154, 0),
(340, 5, 37, 'pequeño', 'esterilizado', 13, 1),
(341, 1, 68, 'grande', 'esterilizado', 86, 0),
(342, 8, 71, 'pequeño', 'esterilizado', 183, 0),
(343, 11, 12, 'mediano', 'esterilizado', 17, 0),
(344, 7, 21, 'pequeño', 'pendiente', 71, 1),
(345, 12, 119, 'grande', 'especial', 15, 1),
(346, 19, 38, 'grande', 'vacunado', 103, 1),
(347, 31, 115, 'grande', 'esterilizado', 286, 0),
(348, 2, 93, 'grande', 'esterilizado', 245, 0),
(349, 4, 98, 'grande', 'esterilizado', 323, 0),
(350, 26, 89, 'pequeño', 'vacunado', 95, 1),
(351, 11, 99, 'pequeño', 'pendiente', 222, 0),
(352, 24, 40, 'mediano', 'esterilizado', 362, 0),
(353, 25, 46, 'mediano', 'pendiente', 219, 0),
(354, 31, 91, 'grande', 'vacunado', 347, 0),
(355, 6, 77, 'grande', 'esterilizado', 95, 1),
(356, 29, 73, 'mediano', 'vacunado', 57, 1),
(357, 19, 10, 'grande', 'vacunado', 167, 0),
(358, 22, 34, 'mediano', 'esterilizado', 46, 1),
(359, 18, 40, 'pequeño', 'vacunado', 24, 1),
(360, 27, 35, 'grande', 'pendiente', 11, 0),
(361, 26, 63, 'pequeño', 'esterilizado', 58, 1),
(362, 12, 61, 'mediano', 'especial', 50, 1),
(363, 20, 23, 'pequeño', 'vacunado', 6, 1),
(364, 6, 33, 'grande', 'especial', 338, 0),
(365, 28, 105, 'grande', 'esterilizado', 280, 1),
(366, 9, 95, 'pequeño', 'esterilizado', 215, 1),
(367, 25, 90, 'mediano', 'pendiente', 365, 0),
(368, 7, 81, 'grande', 'pendiente', 232, 1),
(369, 7, 70, 'pequeño', 'especial', 350, 0),
(370, 30, 18, 'grande', 'esterilizado', 291, 1),
(371, 18, 101, 'mediano', 'pendiente', 172, 0),
(372, 14, 119, 'grande', 'esterilizado', 138, 0),
(373, 31, 60, 'mediano', 'especial', 137, 1),
(374, 15, 57, 'pequeño', 'especial', 142, 1),
(375, 7, 46, 'pequeño', 'esterilizado', 2, 1),
(376, 11, 119, 'grande', 'pendiente', 328, 1),
(377, 6, 19, 'pequeño', 'especial', 352, 1),
(378, 6, 2, 'mediano', 'pendiente', 72, 1),
(379, 21, 31, 'mediano', 'pendiente', 297, 0),
(380, 11, 24, 'pequeño', 'esterilizado', 17, 0),
(381, 28, 38, 'grande', 'pendiente', 359, 1),
(382, 25, 118, 'mediano', 'vacunado', 302, 1),
(383, 7, 91, 'pequeño', 'especial', 322, 0),
(384, 1, 8, 'pequeño', 'esterilizado', 176, 1),
(385, 16, 73, 'mediano', 'vacunado', 95, 1),
(386, 16, 49, 'mediano', 'pendiente', 143, 0),
(387, 29, 31, 'mediano', 'vacunado', 285, 1),
(388, 22, 68, 'grande', 'vacunado', 321, 1),
(389, 19, 118, 'pequeño', 'pendiente', 143, 1),
(390, 7, 119, 'pequeño', 'especial', 44, 1),
(391, 15, 5, 'grande', 'pendiente', 212, 1),
(392, 32, 43, 'grande', 'pendiente', 239, 1),
(393, 15, 79, 'grande', 'especial', 357, 0),
(394, 15, 56, 'grande', 'esterilizado', 229, 0),
(395, 16, 67, 'mediano', 'vacunado', 273, 0),
(396, 28, 69, 'pequeño', 'pendiente', 245, 1),
(397, 25, 16, 'mediano', 'especial', 187, 1),
(398, 8, 37, 'grande', 'esterilizado', 312, 0),
(399, 22, 2, 'pequeño', 'esterilizado', 44, 1),
(400, 24, 24, 'grande', 'esterilizado', 150, 1),
(401, 22, 51, 'pequeño', 'vacunado', 146, 1),
(402, 29, 75, 'mediano', 'vacunado', 354, 0),
(403, 19, 74, 'pequeño', 'especial', 231, 0),
(404, 8, 15, 'grande', 'vacunado', 144, 1),
(405, 20, 19, 'grande', 'esterilizado', 246, 0),
(406, 8, 94, 'pequeño', 'pendiente', 102, 0),
(407, 9, 32, 'mediano', 'pendiente', 99, 0),
(408, 19, 80, 'mediano', 'pendiente', 144, 1),
(409, 14, 67, 'mediano', 'pendiente', 282, 0),
(410, 4, 88, 'pequeño', 'vacunado', 72, 0),
(411, 7, 1, 'mediano', 'pendiente', 297, 1),
(412, 7, 105, 'grande', 'pendiente', 242, 0),
(413, 5, 60, 'pequeño', 'especial', 276, 0),
(414, 9, 10, 'mediano', 'esterilizado', 266, 0),
(415, 31, 11, 'mediano', 'especial', 90, 0),
(416, 17, 35, 'grande', 'esterilizado', 197, 0),
(417, 17, 42, 'pequeño', 'especial', 87, 1),
(418, 4, 80, 'grande', 'pendiente', 91, 1),
(419, 2, 120, 'grande', 'vacunado', 50, 0),
(420, 6, 113, 'pequeño', 'pendiente', 105, 1),
(421, 3, 75, 'grande', 'esterilizado', 275, 0),
(422, 16, 50, 'mediano', 'pendiente', 352, 1),
(423, 30, 107, 'grande', 'pendiente', 321, 0),
(424, 16, 41, 'pequeño', 'vacunado', 80, 1),
(425, 32, 37, 'mediano', 'pendiente', 53, 1),
(426, 19, 58, 'mediano', 'pendiente', 89, 1),
(427, 23, 58, 'pequeño', 'pendiente', 251, 1),
(428, 22, 13, 'mediano', 'esterilizado', 29, 0),
(429, 22, 32, 'pequeño', 'especial', 77, 0),
(430, 15, 81, 'grande', 'especial', 288, 1),
(431, 15, 112, 'pequeño', 'especial', 275, 1),
(432, 19, 25, 'pequeño', 'pendiente', 344, 0),
(433, 15, 105, 'pequeño', 'esterilizado', 154, 1),
(434, 25, 6, 'grande', 'esterilizado', 24, 0),
(435, 5, 117, 'mediano', 'vacunado', 339, 1),
(436, 6, 3, 'mediano', 'vacunado', 145, 1),
(437, 30, 19, 'grande', 'especial', 249, 1),
(438, 31, 37, 'grande', 'especial', 263, 1),
(439, 14, 36, 'pequeño', 'esterilizado', 139, 1),
(440, 26, 28, 'grande', 'vacunado', 23, 0),
(441, 15, 103, 'grande', 'vacunado', 187, 0),
(442, 14, 116, 'mediano', 'especial', 23, 0),
(443, 16, 11, 'grande', 'esterilizado', 45, 0),
(444, 31, 42, 'grande', 'esterilizado', 115, 0),
(445, 32, 91, 'grande', 'pendiente', 39, 1),
(446, 15, 113, 'mediano', 'vacunado', 110, 0),
(447, 8, 66, 'pequeño', 'esterilizado', 310, 0),
(448, 3, 119, 'grande', 'especial', 128, 1),
(449, 1, 36, 'mediano', 'vacunado', 125, 0),
(450, 28, 24, 'mediano', 'esterilizado', 280, 1),
(451, 31, 102, 'mediano', 'vacunado', 42, 1),
(452, 31, 25, 'pequeño', 'vacunado', 145, 0),
(453, 4, 25, 'mediano', 'especial', 127, 1),
(454, 24, 46, 'grande', 'esterilizado', 87, 1),
(455, 31, 76, 'pequeño', 'esterilizado', 221, 0),
(456, 14, 46, 'mediano', 'vacunado', 124, 1),
(457, 22, 85, 'mediano', 'especial', 69, 0),
(458, 25, 7, 'grande', 'especial', 166, 0),
(459, 30, 94, 'pequeño', 'esterilizado', 353, 0),
(460, 28, 30, 'mediano', 'especial', 212, 0),
(461, 6, 90, 'pequeño', 'especial', 10, 1),
(462, 24, 102, 'grande', 'esterilizado', 343, 1),
(463, 32, 23, 'pequeño', 'especial', 257, 1),
(464, 5, 16, 'pequeño', 'pendiente', 81, 1),
(465, 3, 17, 'mediano', 'pendiente', 18, 1),
(466, 26, 22, 'mediano', 'vacunado', 88, 1),
(467, 21, 28, 'pequeño', 'esterilizado', 25, 0),
(468, 14, 11, 'pequeño', 'pendiente', 175, 1),
(469, 4, 91, 'mediano', 'vacunado', 142, 0),
(470, 32, 80, 'mediano', 'especial', 245, 0),
(471, 21, 91, 'grande', 'vacunado', 153, 0),
(472, 28, 6, 'mediano', 'vacunado', 215, 1),
(473, 10, 73, 'pequeño', 'vacunado', 269, 1),
(474, 14, 60, 'pequeño', 'especial', 352, 1),
(475, 3, 81, 'pequeño', 'esterilizado', 273, 1),
(476, 14, 62, 'pequeño', 'pendiente', 198, 0),
(477, 24, 63, 'mediano', 'vacunado', 281, 0),
(478, 17, 55, 'grande', 'esterilizado', 148, 0),
(479, 2, 12, 'pequeño', 'esterilizado', 213, 1),
(480, 6, 115, 'pequeño', 'esterilizado', 271, 1),
(481, 1, 69, 'grande', 'vacunado', 270, 0),
(482, 30, 64, 'grande', 'especial', 42, 0),
(483, 13, 118, 'mediano', 'esterilizado', 361, 1),
(484, 26, 82, 'pequeño', 'vacunado', 236, 1),
(485, 30, 39, 'grande', 'vacunado', 352, 1),
(486, 2, 55, 'pequeño', 'esterilizado', 31, 1),
(487, 14, 55, 'pequeño', 'pendiente', 46, 0),
(488, 1, 94, 'grande', 'vacunado', 21, 1),
(489, 32, 53, 'pequeño', 'pendiente', 289, 0),
(490, 25, 26, 'grande', 'pendiente', 262, 1),
(491, 4, 64, 'mediano', 'vacunado', 293, 0),
(492, 2, 95, 'grande', 'esterilizado', 50, 0),
(493, 21, 77, 'pequeño', 'esterilizado', 203, 0),
(494, 14, 1, 'grande', 'pendiente', 81, 0),
(495, 5, 69, 'mediano', 'especial', 285, 1),
(496, 18, 105, 'grande', 'pendiente', 276, 1),
(497, 9, 92, 'pequeño', 'pendiente', 188, 1),
(498, 13, 79, 'pequeño', 'esterilizado', 265, 0),
(499, 4, 26, 'grande', 'pendiente', 181, 1),
(500, 32, 103, 'pequeño', 'vacunado', 99, 0),
(501, 7, 42, 'pequeño', 'pendiente', 190, 0),
(502, 11, 19, 'grande', 'esterilizado', 137, 1),
(503, 10, 93, 'pequeño', 'pendiente', 269, 0),
(504, 27, 109, 'pequeño', 'especial', 270, 1),
(505, 15, 61, 'pequeño', 'vacunado', 89, 1),
(506, 15, 90, 'mediano', 'especial', 2, 0),
(507, 25, 37, 'pequeño', 'esterilizado', 7, 0),
(508, 3, 35, 'pequeño', 'esterilizado', 279, 1),
(509, 13, 11, 'pequeño', 'esterilizado', 247, 0),
(510, 30, 58, 'mediano', 'especial', 321, 1),
(511, 13, 60, 'pequeño', 'vacunado', 274, 0),
(512, 10, 62, 'grande', 'pendiente', 218, 0),
(513, 3, 101, 'grande', 'esterilizado', 43, 0),
(514, 12, 86, 'mediano', 'especial', 13, 1),
(515, 28, 64, 'pequeño', 'especial', 109, 0),
(516, 5, 52, 'grande', 'especial', 183, 1),
(517, 18, 41, 'pequeño', 'vacunado', 141, 1),
(518, 4, 77, 'grande', 'vacunado', 273, 1),
(519, 23, 60, 'mediano', 'especial', 231, 0),
(520, 9, 6, 'mediano', 'vacunado', 332, 0),
(521, 10, 29, 'mediano', 'pendiente', 288, 0),
(522, 31, 72, 'pequeño', 'especial', 55, 1),
(523, 1, 120, 'grande', 'especial', 220, 1),
(524, 2, 31, 'pequeño', 'vacunado', 60, 0),
(525, 15, 19, 'mediano', 'esterilizado', 8, 1),
(526, 31, 42, 'grande', 'esterilizado', 23, 0),
(527, 9, 62, 'grande', 'vacunado', 249, 1),
(528, 8, 73, 'pequeño', 'pendiente', 18, 1),
(529, 32, 47, 'pequeño', 'vacunado', 329, 1),
(530, 26, 64, 'pequeño', 'esterilizado', 281, 0),
(531, 23, 39, 'mediano', 'esterilizado', 241, 0),
(532, 9, 23, 'pequeño', 'vacunado', 133, 0),
(533, 19, 106, 'grande', 'especial', 203, 1),
(534, 17, 83, 'grande', 'esterilizado', 38, 0),
(535, 1, 82, 'mediano', 'pendiente', 283, 1),
(536, 15, 68, 'mediano', 'especial', 9, 0),
(537, 6, 86, 'pequeño', 'vacunado', 154, 1),
(538, 17, 38, 'pequeño', 'vacunado', 179, 0),
(539, 8, 94, 'pequeño', 'especial', 28, 1),
(540, 29, 120, 'pequeño', 'esterilizado', 181, 0),
(541, 25, 75, 'grande', 'esterilizado', 147, 1),
(542, 32, 49, 'pequeño', 'vacunado', 214, 0),
(543, 14, 100, 'grande', 'pendiente', 92, 1),
(544, 6, 103, 'grande', 'esterilizado', 250, 0),
(545, 27, 70, 'mediano', 'esterilizado', 296, 1),
(546, 16, 8, 'grande', 'vacunado', 326, 0),
(547, 9, 84, 'grande', 'especial', 242, 1),
(548, 32, 24, 'grande', 'esterilizado', 196, 1),
(549, 14, 80, 'pequeño', 'esterilizado', 236, 0),
(550, 20, 80, 'mediano', 'especial', 208, 1),
(551, 3, 65, 'mediano', 'especial', 242, 1),
(552, 19, 41, 'grande', 'especial', 321, 0),
(553, 5, 35, 'grande', 'vacunado', 103, 0),
(554, 16, 73, 'mediano', 'vacunado', 4, 1),
(555, 27, 45, 'mediano', 'pendiente', 226, 0),
(556, 32, 50, 'pequeño', 'esterilizado', 86, 0),
(557, 15, 72, 'mediano', 'vacunado', 18, 1),
(558, 20, 99, 'pequeño', 'pendiente', 177, 1),
(559, 26, 52, 'grande', 'especial', 216, 0),
(560, 8, 65, 'pequeño', 'esterilizado', 46, 0),
(561, 10, 60, 'mediano', 'esterilizado', 361, 1),
(562, 23, 86, 'mediano', 'vacunado', 85, 1),
(563, 12, 38, 'mediano', 'especial', 308, 0),
(564, 9, 111, 'grande', 'vacunado', 316, 0),
(565, 20, 34, 'mediano', 'vacunado', 325, 0),
(566, 18, 74, 'mediano', 'esterilizado', 30, 1),
(567, 24, 105, 'pequeño', 'vacunado', 95, 1),
(568, 20, 47, 'pequeño', 'esterilizado', 307, 1),
(569, 28, 79, 'grande', 'especial', 304, 0),
(570, 14, 108, 'pequeño', 'especial', 150, 0),
(571, 12, 54, 'pequeño', 'esterilizado', 125, 1),
(572, 8, 30, 'mediano', 'pendiente', 279, 0),
(573, 25, 28, 'grande', 'esterilizado', 284, 1),
(574, 11, 119, 'pequeño', 'vacunado', 78, 1),
(575, 1, 31, 'pequeño', 'especial', 313, 1),
(576, 29, 53, 'mediano', 'vacunado', 286, 1),
(577, 22, 106, 'mediano', 'especial', 177, 1),
(578, 8, 109, 'grande', 'especial', 57, 0),
(579, 9, 114, 'grande', 'especial', 223, 0),
(580, 15, 19, 'mediano', 'esterilizado', 220, 1),
(581, 7, 116, 'pequeño', 'esterilizado', 219, 0),
(582, 11, 111, 'mediano', 'especial', 208, 0),
(583, 29, 67, 'pequeño', 'especial', 54, 1),
(584, 6, 77, 'grande', 'especial', 8, 0),
(585, 32, 44, 'grande', 'vacunado', 212, 1),
(586, 21, 75, 'pequeño', 'pendiente', 315, 1),
(587, 3, 24, 'grande', 'vacunado', 29, 0),
(588, 31, 12, 'mediano', 'especial', 207, 1),
(589, 14, 74, 'grande', 'esterilizado', 338, 1),
(590, 5, 41, 'pequeño', 'esterilizado', 270, 1),
(591, 22, 3, 'pequeño', 'esterilizado', 152, 0),
(592, 7, 97, 'mediano', 'esterilizado', 117, 0),
(593, 20, 85, 'grande', 'esterilizado', 246, 0),
(594, 18, 96, 'mediano', 'esterilizado', 256, 0),
(595, 6, 66, 'pequeño', 'vacunado', 197, 0),
(596, 23, 36, 'mediano', 'vacunado', 32, 0),
(597, 6, 5, 'mediano', 'vacunado', 274, 0),
(598, 12, 95, 'grande', 'vacunado', 1, 1),
(599, 30, 95, 'pequeño', 'especial', 317, 0),
(600, 18, 14, 'grande', 'vacunado', 203, 1),
(601, 23, 54, 'pequeño', 'esterilizado', 283, 1),
(602, 9, 99, 'pequeño', 'pendiente', 13, 0),
(603, 1, 52, 'pequeño', 'vacunado', 216, 0),
(604, 12, 70, 'grande', 'vacunado', 179, 1),
(605, 9, 62, 'grande', 'vacunado', 296, 0),
(606, 20, 100, 'pequeño', 'vacunado', 83, 0),
(607, 19, 89, 'grande', 'especial', 5, 0),
(608, 20, 12, 'mediano', 'pendiente', 141, 0),
(609, 21, 17, 'grande', 'esterilizado', 315, 1),
(610, 14, 6, 'pequeño', 'pendiente', 265, 1),
(611, 19, 71, 'pequeño', 'esterilizado', 231, 1),
(612, 25, 71, 'mediano', 'especial', 264, 1),
(613, 26, 6, 'grande', 'pendiente', 58, 0),
(614, 23, 42, 'mediano', 'esterilizado', 109, 1),
(615, 24, 60, 'pequeño', 'pendiente', 317, 1),
(616, 29, 120, 'pequeño', 'esterilizado', 354, 1),
(617, 1, 92, 'grande', 'esterilizado', 230, 0),
(618, 13, 92, 'mediano', 'pendiente', 5, 0),
(619, 11, 47, 'grande', 'especial', 202, 1),
(620, 25, 87, 'mediano', 'especial', 292, 0),
(621, 2, 46, 'grande', 'especial', 332, 1),
(622, 15, 41, 'mediano', 'pendiente', 293, 1),
(623, 32, 108, 'mediano', 'pendiente', 328, 1),
(624, 14, 70, 'grande', 'especial', 123, 1),
(625, 7, 10, 'grande', 'especial', 89, 0),
(626, 16, 29, 'grande', 'vacunado', 71, 1),
(627, 28, 21, 'pequeño', 'vacunado', 234, 1),
(628, 6, 54, 'grande', 'vacunado', 195, 0),
(629, 29, 62, 'grande', 'vacunado', 347, 0),
(630, 18, 115, 'pequeño', 'especial', 339, 1),
(631, 22, 37, 'mediano', 'especial', 172, 1),
(632, 13, 36, 'pequeño', 'especial', 51, 1),
(633, 30, 117, 'pequeño', 'especial', 318, 0),
(634, 17, 39, 'pequeño', 'esterilizado', 49, 1),
(635, 4, 108, 'pequeño', 'pendiente', 55, 0),
(636, 26, 95, 'mediano', 'especial', 22, 1),
(637, 27, 39, 'pequeño', 'especial', 52, 1),
(638, 16, 82, 'grande', 'especial', 211, 1),
(639, 15, 95, 'mediano', 'esterilizado', 240, 1),
(640, 11, 9, 'mediano', 'especial', 68, 1),
(641, 5, 106, 'grande', 'esterilizado', 157, 0),
(642, 10, 64, 'grande', 'vacunado', 298, 0),
(643, 21, 120, 'pequeño', 'vacunado', 117, 0),
(644, 32, 84, 'mediano', 'pendiente', 117, 0),
(645, 28, 92, 'pequeño', 'pendiente', 20, 0),
(646, 26, 93, 'mediano', 'vacunado', 71, 1),
(647, 10, 90, 'grande', 'pendiente', 146, 0),
(648, 31, 82, 'mediano', 'especial', 115, 1),
(649, 9, 101, 'mediano', 'esterilizado', 222, 1),
(650, 6, 99, 'mediano', 'especial', 158, 0),
(651, 19, 44, 'pequeño', 'esterilizado', 169, 0),
(652, 32, 7, 'mediano', 'especial', 69, 1),
(653, 10, 67, 'grande', 'especial', 19, 0),
(654, 2, 15, 'mediano', 'pendiente', 42, 1),
(655, 4, 107, 'pequeño', 'pendiente', 337, 0),
(656, 20, 93, 'pequeño', 'vacunado', 333, 0),
(657, 23, 2, 'grande', 'pendiente', 218, 0),
(658, 13, 37, 'pequeño', 'especial', 12, 0),
(659, 30, 46, 'pequeño', 'especial', 205, 0),
(660, 11, 72, 'pequeño', 'esterilizado', 190, 1),
(661, 22, 47, 'grande', 'especial', 58, 1),
(662, 14, 15, 'mediano', 'esterilizado', 71, 1),
(663, 14, 34, 'pequeño', 'pendiente', 47, 1),
(664, 2, 69, 'grande', 'pendiente', 185, 1),
(665, 1, 2, 'grande', 'pendiente', 121, 0),
(666, 15, 120, 'mediano', 'vacunado', 222, 1),
(667, 32, 76, 'pequeño', 'vacunado', 323, 0),
(668, 1, 87, 'mediano', 'esterilizado', 230, 1),
(669, 9, 100, 'mediano', 'esterilizado', 183, 1),
(670, 8, 72, 'pequeño', 'esterilizado', 131, 1),
(671, 20, 55, 'mediano', 'pendiente', 239, 1),
(672, 18, 3, 'mediano', 'vacunado', 315, 1),
(673, 7, 47, 'pequeño', 'esterilizado', 219, 0),
(674, 25, 65, 'mediano', 'vacunado', 312, 1),
(675, 32, 99, 'pequeño', 'esterilizado', 312, 0),
(676, 29, 1, 'mediano', 'especial', 201, 1),
(677, 10, 86, 'mediano', 'vacunado', 1, 0),
(678, 1, 102, 'pequeño', 'esterilizado', 165, 0),
(679, 29, 30, 'mediano', 'esterilizado', 176, 1),
(680, 25, 113, 'mediano', 'vacunado', 335, 1),
(681, 6, 14, 'pequeño', 'pendiente', 147, 0),
(682, 6, 4, 'mediano', 'vacunado', 267, 0),
(683, 2, 65, 'mediano', 'pendiente', 3, 0),
(684, 20, 14, 'grande', 'vacunado', 360, 0),
(685, 10, 81, 'mediano', 'esterilizado', 282, 1),
(686, 9, 94, 'pequeño', 'vacunado', 251, 1),
(687, 3, 107, 'pequeño', 'esterilizado', 168, 0),
(688, 24, 81, 'pequeño', 'especial', 125, 0),
(689, 17, 31, 'grande', 'pendiente', 281, 1),
(690, 9, 100, 'pequeño', 'vacunado', 201, 0),
(691, 19, 65, 'grande', 'vacunado', 310, 1),
(692, 19, 52, 'mediano', 'especial', 143, 1),
(693, 26, 70, 'mediano', 'pendiente', 306, 1),
(694, 7, 51, 'mediano', 'vacunado', 130, 0),
(695, 11, 102, 'pequeño', 'especial', 90, 0),
(696, 21, 98, 'pequeño', 'vacunado', 241, 1),
(697, 11, 78, 'pequeño', 'esterilizado', 60, 1),
(698, 22, 53, 'pequeño', 'especial', 334, 0),
(699, 16, 11, 'grande', 'especial', 174, 0),
(700, 5, 86, 'pequeño', 'especial', 18, 0),
(701, 14, 89, 'mediano', 'pendiente', 139, 0),
(702, 13, 77, 'pequeño', 'vacunado', 226, 1),
(703, 23, 41, 'mediano', 'pendiente', 19, 0),
(704, 21, 9, 'mediano', 'vacunado', 57, 0),
(705, 25, 56, 'pequeño', 'pendiente', 61, 0),
(706, 22, 78, 'pequeño', 'vacunado', 41, 0),
(707, 5, 47, 'mediano', 'especial', 131, 1),
(708, 26, 6, 'grande', 'vacunado', 89, 1),
(709, 28, 21, 'pequeño', 'pendiente', 58, 0),
(710, 21, 116, 'grande', 'esterilizado', 246, 1),
(711, 31, 98, 'pequeño', 'especial', 44, 1),
(712, 16, 64, 'pequeño', 'esterilizado', 128, 1),
(713, 29, 77, 'mediano', 'pendiente', 248, 1),
(714, 28, 2, 'mediano', 'vacunado', 142, 1),
(715, 15, 89, 'pequeño', 'esterilizado', 280, 1),
(716, 25, 43, 'mediano', 'esterilizado', 264, 0),
(717, 7, 16, 'pequeño', 'vacunado', 342, 1),
(718, 1, 48, 'grande', 'esterilizado', 238, 1),
(719, 31, 43, 'grande', 'especial', 262, 0),
(720, 1, 98, 'pequeño', 'especial', 341, 1),
(721, 22, 77, 'pequeño', 'vacunado', 238, 0),
(722, 21, 104, 'mediano', 'esterilizado', 125, 1),
(723, 3, 115, 'mediano', 'especial', 33, 0),
(724, 2, 56, 'pequeño', 'esterilizado', 287, 1),
(725, 13, 33, 'pequeño', 'vacunado', 66, 0),
(726, 22, 8, 'pequeño', 'esterilizado', 150, 0),
(727, 5, 111, 'pequeño', 'pendiente', 146, 0),
(728, 10, 19, 'grande', 'vacunado', 157, 0),
(729, 4, 34, 'pequeño', 'especial', 268, 1),
(730, 5, 14, 'pequeño', 'esterilizado', 41, 1),
(731, 32, 108, 'mediano', 'vacunado', 297, 1),
(732, 14, 89, 'mediano', 'vacunado', 315, 0),
(733, 11, 10, 'mediano', 'pendiente', 277, 0),
(734, 25, 65, 'mediano', 'especial', 213, 0),
(735, 4, 6, 'grande', 'esterilizado', 299, 0),
(736, 19, 29, 'mediano', 'especial', 319, 0),
(737, 11, 58, 'mediano', 'especial', 338, 1),
(738, 27, 118, 'mediano', 'vacunado', 221, 0),
(739, 22, 98, 'pequeño', 'pendiente', 189, 1),
(740, 5, 63, 'pequeño', 'vacunado', 232, 1),
(741, 21, 76, 'pequeño', 'esterilizado', 75, 1),
(742, 20, 55, 'mediano', 'vacunado', 305, 1),
(743, 16, 45, 'mediano', 'vacunado', 123, 0),
(744, 11, 102, 'pequeño', 'especial', 214, 1),
(745, 31, 109, 'grande', 'pendiente', 290, 1),
(746, 24, 103, 'pequeño', 'especial', 55, 1),
(747, 15, 106, 'pequeño', 'pendiente', 204, 1),
(748, 29, 103, 'mediano', 'especial', 199, 1),
(749, 14, 42, 'mediano', 'vacunado', 1, 1),
(750, 9, 95, 'pequeño', 'esterilizado', 84, 0),
(751, 4, 2, 'grande', 'pendiente', 330, 1),
(752, 6, 107, 'grande', 'vacunado', 229, 1),
(753, 11, 20, 'grande', 'especial', 119, 1),
(754, 28, 50, 'mediano', 'vacunado', 154, 1),
(755, 22, 65, 'grande', 'pendiente', 213, 0),
(756, 21, 5, 'pequeño', 'pendiente', 63, 1),
(757, 11, 95, 'grande', 'esterilizado', 237, 0),
(758, 30, 63, 'grande', 'esterilizado', 353, 0),
(759, 3, 19, 'mediano', 'esterilizado', 186, 0),
(760, 14, 63, 'mediano', 'vacunado', 278, 0),
(761, 11, 88, 'mediano', 'pendiente', 336, 1),
(762, 25, 91, 'mediano', 'pendiente', 182, 1),
(763, 15, 59, 'pequeño', 'pendiente', 222, 0),
(764, 24, 45, 'mediano', 'vacunado', 104, 0),
(765, 24, 91, 'mediano', 'especial', 328, 1),
(766, 1, 38, 'mediano', 'esterilizado', 268, 0),
(767, 22, 21, 'grande', 'pendiente', 32, 1),
(768, 20, 32, 'mediano', 'pendiente', 232, 1),
(769, 11, 92, 'grande', 'especial', 27, 0),
(770, 7, 14, 'grande', 'especial', 298, 0),
(771, 23, 23, 'grande', 'especial', 257, 1),
(772, 27, 42, 'pequeño', 'vacunado', 172, 1),
(773, 20, 34, 'mediano', 'pendiente', 158, 1),
(774, 15, 119, 'mediano', 'vacunado', 141, 1),
(775, 30, 14, 'grande', 'pendiente', 222, 1),
(776, 2, 61, 'mediano', 'esterilizado', 41, 0),
(777, 18, 33, 'grande', 'especial', 264, 1),
(778, 22, 58, 'mediano', 'esterilizado', 357, 1),
(779, 8, 27, 'mediano', 'esterilizado', 2, 1),
(780, 10, 58, 'mediano', 'vacunado', 34, 0),
(781, 5, 60, 'pequeño', 'especial', 14, 0),
(782, 17, 68, 'pequeño', 'pendiente', 353, 1),
(783, 24, 4, 'pequeño', 'pendiente', 200, 1),
(784, 12, 91, 'grande', 'esterilizado', 139, 1),
(785, 27, 20, 'pequeño', 'vacunado', 280, 0),
(786, 19, 99, 'mediano', 'vacunado', 68, 0),
(787, 14, 63, 'mediano', 'vacunado', 339, 0),
(788, 15, 19, 'mediano', 'esterilizado', 25, 0),
(789, 28, 39, 'grande', 'pendiente', 273, 1),
(790, 12, 8, 'pequeño', 'pendiente', 282, 0),
(791, 24, 120, 'grande', 'vacunado', 35, 0),
(792, 13, 62, 'mediano', 'especial', 232, 0),
(793, 8, 104, 'mediano', 'especial', 270, 0),
(794, 15, 97, 'grande', 'vacunado', 81, 1),
(795, 31, 120, 'pequeño', 'especial', 215, 0),
(796, 4, 8, 'grande', 'especial', 343, 0),
(797, 11, 67, 'grande', 'vacunado', 309, 1),
(798, 2, 77, 'pequeño', 'esterilizado', 87, 1),
(799, 26, 101, 'grande', 'especial', 293, 0),
(800, 22, 39, 'mediano', 'vacunado', 104, 0),
(801, 32, 107, 'mediano', 'especial', 94, 1),
(802, 30, 56, 'mediano', 'vacunado', 89, 1),
(803, 2, 115, 'mediano', 'esterilizado', 15, 1),
(804, 28, 42, 'pequeño', 'especial', 189, 1),
(805, 23, 4, 'grande', 'pendiente', 50, 0),
(806, 25, 19, 'mediano', 'pendiente', 337, 0),
(807, 11, 70, 'grande', 'pendiente', 49, 0),
(808, 14, 118, 'grande', 'esterilizado', 350, 1),
(809, 6, 9, 'grande', 'pendiente', 316, 1),
(810, 3, 27, 'grande', 'especial', 21, 1),
(811, 18, 64, 'pequeño', 'esterilizado', 47, 0),
(812, 13, 109, 'pequeño', 'pendiente', 220, 0),
(813, 17, 100, 'mediano', 'esterilizado', 315, 0),
(814, 12, 77, 'pequeño', 'especial', 160, 1),
(815, 17, 103, 'grande', 'vacunado', 267, 0),
(816, 4, 44, 'mediano', 'esterilizado', 103, 0),
(817, 31, 84, 'mediano', 'vacunado', 139, 1),
(818, 17, 52, 'mediano', 'especial', 30, 1),
(819, 13, 101, 'grande', 'esterilizado', 232, 0),
(820, 13, 23, 'grande', 'vacunado', 285, 0),
(821, 2, 50, 'grande', 'esterilizado', 298, 0),
(822, 11, 15, 'mediano', 'pendiente', 156, 1),
(823, 9, 100, 'mediano', 'vacunado', 47, 1),
(824, 11, 98, 'pequeño', 'vacunado', 311, 0),
(825, 10, 5, 'pequeño', 'vacunado', 126, 0),
(826, 3, 47, 'grande', 'vacunado', 319, 1),
(827, 18, 34, 'grande', 'pendiente', 227, 1),
(828, 11, 20, 'grande', 'especial', 174, 1),
(829, 22, 61, 'mediano', 'vacunado', 277, 1),
(830, 25, 120, 'grande', 'esterilizado', 351, 1),
(831, 6, 118, 'mediano', 'vacunado', 47, 0),
(832, 27, 104, 'grande', 'esterilizado', 128, 1),
(833, 19, 85, 'grande', 'pendiente', 222, 1),
(834, 18, 86, 'grande', 'esterilizado', 255, 0),
(835, 30, 67, 'pequeño', 'especial', 254, 1),
(836, 25, 59, 'pequeño', 'esterilizado', 169, 0),
(837, 8, 98, 'mediano', 'vacunado', 82, 0),
(838, 7, 111, 'grande', 'vacunado', 268, 0),
(839, 4, 98, 'grande', 'vacunado', 15, 0),
(840, 17, 30, 'mediano', 'especial', 287, 0),
(841, 31, 120, 'pequeño', 'especial', 213, 0),
(842, 1, 69, 'grande', 'especial', 89, 1),
(843, 29, 100, 'mediano', 'vacunado', 3, 1),
(844, 14, 7, 'pequeño', 'pendiente', 83, 1),
(845, 9, 67, 'grande', 'vacunado', 21, 1),
(846, 11, 62, 'mediano', 'especial', 267, 0),
(847, 12, 59, 'pequeño', 'vacunado', 355, 0),
(848, 17, 84, 'grande', 'especial', 245, 0),
(849, 2, 78, 'pequeño', 'esterilizado', 189, 1),
(850, 11, 115, 'grande', 'pendiente', 138, 0),
(851, 11, 50, 'pequeño', 'vacunado', 350, 1),
(852, 23, 52, 'grande', 'especial', 108, 1),
(853, 24, 15, 'mediano', 'especial', 305, 0),
(854, 10, 52, 'pequeño', 'pendiente', 293, 0),
(855, 3, 53, 'pequeño', 'especial', 230, 1),
(856, 28, 55, 'grande', 'vacunado', 219, 1),
(857, 3, 72, 'grande', 'vacunado', 194, 0),
(858, 30, 33, 'mediano', 'esterilizado', 248, 0),
(859, 8, 96, 'pequeño', 'vacunado', 249, 0),
(860, 7, 97, 'mediano', 'pendiente', 36, 1),
(861, 23, 10, 'pequeño', 'esterilizado', 324, 0),
(862, 30, 86, 'grande', 'especial', 99, 0),
(863, 6, 40, 'pequeño', 'especial', 95, 1),
(864, 1, 100, 'pequeño', 'pendiente', 110, 1);

-- --------------------------------------------------------

--
-- Estructura de tabla para la tabla `reportes_generados`
--

CREATE TABLE `reportes_generados` (
  `id_reporte` int(11) NOT NULL,
  `fecha_generacion` timestamp NOT NULL DEFAULT current_timestamp(),
  `tipo_reporte` varchar(50) DEFAULT NULL,
  `resumen_json` text DEFAULT NULL
) ENGINE=InnoDB DEFAULT CHARSET=utf8mb4 COLLATE=utf8mb4_unicode_ci;

--
-- Índices para tablas volcadas
--

--
-- Indices de la tabla `estadisticas_anuales`
--
ALTER TABLE `estadisticas_anuales`
  ADD PRIMARY KEY (`id_stats`),
  ADD KEY `id_estado` (`id_estado`);

--
-- Indices de la tabla `estados`
--
ALTER TABLE `estados`
  ADD PRIMARY KEY (`id_estado`);

--
-- Indices de la tabla `perfil_animal`
--
ALTER TABLE `perfil_animal`
  ADD PRIMARY KEY (`id_animal`),
  ADD KEY `id_estado` (`id_estado`);

--
-- Indices de la tabla `reportes_generados`
--
ALTER TABLE `reportes_generados`
  ADD PRIMARY KEY (`id_reporte`);

--
-- AUTO_INCREMENT de las tablas volcadas
--

--
-- AUTO_INCREMENT de la tabla `estadisticas_anuales`
--
ALTER TABLE `estadisticas_anuales`
  MODIFY `id_stats` int(11) NOT NULL AUTO_INCREMENT, AUTO_INCREMENT=316;

--
-- AUTO_INCREMENT de la tabla `estados`
--
ALTER TABLE `estados`
  MODIFY `id_estado` int(11) NOT NULL AUTO_INCREMENT, AUTO_INCREMENT=33;

--
-- AUTO_INCREMENT de la tabla `perfil_animal`
--
ALTER TABLE `perfil_animal`
  MODIFY `id_animal` int(11) NOT NULL AUTO_INCREMENT, AUTO_INCREMENT=1024;

--
-- AUTO_INCREMENT de la tabla `reportes_generados`
--
ALTER TABLE `reportes_generados`
  MODIFY `id_reporte` int(11) NOT NULL AUTO_INCREMENT;

--
-- Restricciones para tablas volcadas
--

--
-- Filtros para la tabla `estadisticas_anuales`
--
ALTER TABLE `estadisticas_anuales`
  ADD CONSTRAINT `estadisticas_anuales_ibfk_1` FOREIGN KEY (`id_estado`) REFERENCES `estados` (`id_estado`);

--
-- Filtros para la tabla `perfil_animal`
--
ALTER TABLE `perfil_animal`
  ADD CONSTRAINT `perfil_animal_ibfk_1` FOREIGN KEY (`id_estado`) REFERENCES `estados` (`id_estado`);
COMMIT;

/*!40101 SET CHARACTER_SET_CLIENT=@OLD_CHARACTER_SET_CLIENT */;
/*!40101 SET CHARACTER_SET_RESULTS=@OLD_CHARACTER_SET_RESULTS */;
/*!40101 SET COLLATION_CONNECTION=@OLD_COLLATION_CONNECTION */;
