-- phpMyAdmin SQL Dump
-- version 5.2.1
-- https://www.phpmyadmin.net/
--
-- Servidor: 127.0.0.1
-- Tiempo de generación: 25-05-2026 a las 07:07:31
-- Versión del servidor: 10.4.32-MariaDB
-- Versión de PHP: 8.2.12

SET SQL_MODE = "NO_AUTO_VALUE_ON_ZERO";
START TRANSACTION;
SET time_zone = "+00:00";


/*!40101 SET @OLD_CHARACTER_SET_CLIENT=@@CHARACTER_SET_CLIENT */;
/*!40101 SET @OLD_CHARACTER_SET_RESULTS=@@CHARACTER_SET_RESULTS */;
/*!40101 SET @OLD_COLLATION_CONNECTION=@@COLLATION_CONNECTION */;
/*!40101 SET NAMES utf8mb4 */;

--
-- Base de datos: `dwh_analitica_animales`
--

DELIMITER $$
--
-- Procedimientos
--
CREATE DEFINER=`root`@`localhost` PROCEDURE `GenerarTiempo` ()   BEGIN
    DECLARE i INT DEFAULT 2020;
    DECLARE m INT DEFAULT 1;
    WHILE i <= 2025 DO
        SET m = 1;
        WHILE m <= 12 DO
            INSERT INTO dim_tiempo (fecha, anio, mes, trimestre) 
            VALUES (STR_TO_DATE(CONCAT(i, '-', m, '-01'), '%Y-%m-%d'), i, m, 
            CASE WHEN m <= 3 THEN 1 WHEN m <= 6 THEN 2 WHEN m <= 9 THEN 3 ELSE 4 END);
            SET m = m + 1;
        END WHILE;
        SET i = i + 1;
    END WHILE;
END$$

DELIMITER ;

-- --------------------------------------------------------

--
-- Estructura de tabla para la tabla `dim_estado`
--

CREATE TABLE `dim_estado` (
  `id_estado_dwh` int(11) NOT NULL,
  `nombre_estado` varchar(100) NOT NULL,
  `region` varchar(50) DEFAULT NULL
) ENGINE=InnoDB DEFAULT CHARSET=utf8mb4 COLLATE=utf8mb4_general_ci;

--
-- Volcado de datos para la tabla `dim_estado`
--

INSERT INTO `dim_estado` (`id_estado_dwh`, `nombre_estado`, `region`) VALUES
(1, 'Aguascalientes', 'Centro Norte'),
(2, 'Baja California', 'Noroeste'),
(3, 'Baja California Sur', 'Noroeste'),
(4, 'Campeche', 'Sureste'),
(5, 'Coahuila', 'Noreste'),
(6, 'Colima', 'Occidente'),
(7, 'Chiapas', 'Suroeste'),
(8, 'Chihuahua', 'Noroeste'),
(9, 'CDMX', 'Centro'),
(10, 'Durango', 'Noroeste'),
(11, 'Guanajuato', 'Centro Norte'),
(12, 'Guerrero', 'Suroeste'),
(13, 'Hidalgo', 'Oriente'),
(14, 'Jalisco', 'Occidente'),
(15, 'Estado de México', 'Centro Sur'),
(16, 'Michoacán', 'Occidente'),
(17, 'Morelos', 'Centro Sur'),
(18, 'Nayarit', 'Occidente'),
(19, 'Nuevo León', 'Noreste'),
(20, 'Oaxaca', 'Suroeste'),
(21, 'Puebla', 'Oriente'),
(22, 'Querétaro', 'Centro Norte'),
(23, 'Quintana Roo', 'Sureste'),
(24, 'San Luis Potosí', 'Centro Norte'),
(25, 'Sinaloa', 'Noroeste'),
(26, 'Sonora', 'Noroeste'),
(27, 'Tabasco', 'Sureste'),
(28, 'Tamaulipas', 'Noreste'),
(29, 'Tlaxcala', 'Oriente'),
(30, 'Veracruz', 'Oriente'),
(31, 'Yucatán', 'Sureste'),
(32, 'Zacatecas', 'Centro Norte');

-- --------------------------------------------------------

--
-- Estructura de tabla para la tabla `dim_tiempo`
--

CREATE TABLE `dim_tiempo` (
  `id_tiempo` int(11) NOT NULL,
  `fecha` date NOT NULL,
  `anio` int(11) NOT NULL,
  `mes` int(11) NOT NULL,
  `trimestre` int(11) NOT NULL
) ENGINE=InnoDB DEFAULT CHARSET=utf8mb4 COLLATE=utf8mb4_general_ci;

--
-- Volcado de datos para la tabla `dim_tiempo`
--

INSERT INTO `dim_tiempo` (`id_tiempo`, `fecha`, `anio`, `mes`, `trimestre`) VALUES
(1, '2020-01-01', 2020, 1, 1),
(2, '2020-02-01', 2020, 2, 1),
(3, '2020-03-01', 2020, 3, 1),
(4, '2020-04-01', 2020, 4, 2),
(5, '2020-05-01', 2020, 5, 2),
(6, '2020-06-01', 2020, 6, 2),
(7, '2020-07-01', 2020, 7, 3),
(8, '2020-08-01', 2020, 8, 3),
(9, '2020-09-01', 2020, 9, 3),
(10, '2020-10-01', 2020, 10, 4),
(11, '2020-11-01', 2020, 11, 4),
(12, '2020-12-01', 2020, 12, 4),
(13, '2021-01-01', 2021, 1, 1),
(14, '2021-02-01', 2021, 2, 1),
(15, '2021-03-01', 2021, 3, 1),
(16, '2021-04-01', 2021, 4, 2),
(17, '2021-05-01', 2021, 5, 2),
(18, '2021-06-01', 2021, 6, 2),
(19, '2021-07-01', 2021, 7, 3),
(20, '2021-08-01', 2021, 8, 3),
(21, '2021-09-01', 2021, 9, 3),
(22, '2021-10-01', 2021, 10, 4),
(23, '2021-11-01', 2021, 11, 4),
(24, '2021-12-01', 2021, 12, 4),
(25, '2022-01-01', 2022, 1, 1),
(26, '2022-02-01', 2022, 2, 1),
(27, '2022-03-01', 2022, 3, 1),
(28, '2022-04-01', 2022, 4, 2),
(29, '2022-05-01', 2022, 5, 2),
(30, '2022-06-01', 2022, 6, 2),
(31, '2022-07-01', 2022, 7, 3),
(32, '2022-08-01', 2022, 8, 3),
(33, '2022-09-01', 2022, 9, 3),
(34, '2022-10-01', 2022, 10, 4),
(35, '2022-11-01', 2022, 11, 4),
(36, '2022-12-01', 2022, 12, 4),
(37, '2023-01-01', 2023, 1, 1),
(38, '2023-02-01', 2023, 2, 1),
(39, '2023-03-01', 2023, 3, 1),
(40, '2023-04-01', 2023, 4, 2),
(41, '2023-05-01', 2023, 5, 2),
(42, '2023-06-01', 2023, 6, 2),
(43, '2023-07-01', 2023, 7, 3),
(44, '2023-08-01', 2023, 8, 3),
(45, '2023-09-01', 2023, 9, 3),
(46, '2023-10-01', 2023, 10, 4),
(47, '2023-11-01', 2023, 11, 4),
(48, '2023-12-01', 2023, 12, 4),
(49, '2024-01-01', 2024, 1, 1),
(50, '2024-02-01', 2024, 2, 1),
(51, '2024-03-01', 2024, 3, 1),
(52, '2024-04-01', 2024, 4, 2),
(53, '2024-05-01', 2024, 5, 2),
(54, '2024-06-01', 2024, 6, 2),
(55, '2024-07-01', 2024, 7, 3),
(56, '2024-08-01', 2024, 8, 3),
(57, '2024-09-01', 2024, 9, 3),
(58, '2024-10-01', 2024, 10, 4),
(59, '2024-11-01', 2024, 11, 4),
(60, '2024-12-01', 2024, 12, 4),
(61, '2025-01-01', 2025, 1, 1),
(62, '2025-02-01', 2025, 2, 1),
(63, '2025-03-01', 2025, 3, 1),
(64, '2025-04-01', 2025, 4, 2),
(65, '2025-05-01', 2025, 5, 2),
(66, '2025-06-01', 2025, 6, 2),
(67, '2025-07-01', 2025, 7, 3),
(68, '2025-08-01', 2025, 8, 3),
(69, '2025-09-01', 2025, 9, 3),
(70, '2025-10-01', 2025, 10, 4),
(71, '2025-11-01', 2025, 11, 4),
(72, '2025-12-01', 2025, 12, 4);

-- --------------------------------------------------------

--
-- Estructura de tabla para la tabla `hechos_abandono_estatal`
--

CREATE TABLE `hechos_abandono_estatal` (
  `id_hecho` int(11) NOT NULL,
  `fk_tiempo` int(11) NOT NULL,
  `fk_estado` int(11) NOT NULL,
  `total_perros` int(11) NOT NULL,
  `total_gatos` int(11) NOT NULL,
  `nombre_mes` varchar(20) DEFAULT NULL
) ENGINE=InnoDB DEFAULT CHARSET=utf8mb4 COLLATE=utf8mb4_general_ci;

--
-- Volcado de datos para la tabla `hechos_abandono_estatal`
--

INSERT INTO `hechos_abandono_estatal` (`id_hecho`, `fk_tiempo`, `fk_estado`, `total_perros`, `total_gatos`, `nombre_mes`) VALUES
(1, 1, 1, 1230, 779, 'Enero'),
(2, 1, 2, 1230, 779, 'Enero'),
(3, 1, 3, 1230, 779, 'Enero'),
(4, 1, 4, 1230, 779, 'Enero'),
(5, 1, 5, 1230, 779, 'Enero'),
(6, 1, 6, 1230, 779, 'Enero'),
(7, 1, 7, 1230, 779, 'Enero'),
(8, 1, 8, 1230, 779, 'Enero'),
(9, 1, 9, 1243, 782, 'Enero'),
(10, 1, 10, 1230, 779, 'Enero'),
(11, 1, 11, 1230, 779, 'Enero'),
(12, 1, 12, 1230, 779, 'Enero'),
(13, 1, 13, 1230, 779, 'Enero'),
(14, 1, 14, 1230, 779, 'Enero'),
(15, 1, 15, 1230, 779, 'Enero'),
(16, 1, 16, 1230, 779, 'Enero'),
(17, 1, 17, 1230, 779, 'Enero'),
(18, 1, 18, 1230, 779, 'Enero'),
(19, 1, 19, 1230, 779, 'Enero'),
(20, 1, 20, 1230, 779, 'Enero'),
(21, 1, 21, 1230, 779, 'Enero'),
(22, 1, 22, 1230, 779, 'Enero'),
(23, 1, 23, 1230, 779, 'Enero'),
(24, 1, 24, 1230, 779, 'Enero'),
(25, 1, 25, 1230, 779, 'Enero'),
(26, 1, 26, 1230, 779, 'Enero'),
(27, 1, 27, 1230, 779, 'Enero'),
(28, 1, 28, 1230, 779, 'Enero'),
(29, 1, 29, 1230, 779, 'Enero'),
(30, 1, 30, 1230, 779, 'Enero'),
(31, 1, 31, 1230, 779, 'Enero'),
(32, 1, 32, 1230, 779, 'Enero'),
(33, 2, 1, 1069, 700, 'Febrero'),
(34, 2, 2, 1069, 700, 'Febrero'),
(35, 2, 3, 1069, 700, 'Febrero'),
(36, 2, 4, 1069, 700, 'Febrero'),
(37, 2, 5, 1069, 700, 'Febrero'),
(38, 2, 6, 1069, 700, 'Febrero'),
(39, 2, 7, 1069, 700, 'Febrero'),
(40, 2, 8, 1069, 700, 'Febrero'),
(41, 2, 9, 1083, 712, 'Febrero'),
(42, 2, 10, 1069, 700, 'Febrero'),
(43, 2, 11, 1069, 700, 'Febrero'),
(44, 2, 12, 1069, 700, 'Febrero'),
(45, 2, 13, 1069, 700, 'Febrero'),
(46, 2, 14, 1069, 700, 'Febrero'),
(47, 2, 15, 1069, 700, 'Febrero'),
(48, 2, 16, 1069, 700, 'Febrero'),
(49, 2, 17, 1069, 700, 'Febrero'),
(50, 2, 18, 1069, 700, 'Febrero'),
(51, 2, 19, 1069, 700, 'Febrero'),
(52, 2, 20, 1069, 700, 'Febrero'),
(53, 2, 21, 1069, 700, 'Febrero'),
(54, 2, 22, 1069, 700, 'Febrero'),
(55, 2, 23, 1069, 700, 'Febrero'),
(56, 2, 24, 1069, 700, 'Febrero'),
(57, 2, 25, 1069, 700, 'Febrero'),
(58, 2, 26, 1069, 700, 'Febrero'),
(59, 2, 27, 1069, 700, 'Febrero'),
(60, 2, 28, 1069, 700, 'Febrero'),
(61, 2, 29, 1069, 700, 'Febrero'),
(62, 2, 30, 1069, 700, 'Febrero'),
(63, 2, 31, 1069, 700, 'Febrero'),
(64, 2, 32, 1069, 700, 'Febrero'),
(65, 3, 1, 1030, 789, 'Marzo'),
(66, 3, 2, 1030, 789, 'Marzo'),
(67, 3, 3, 1030, 789, 'Marzo'),
(68, 3, 4, 1030, 789, 'Marzo'),
(69, 3, 5, 1030, 789, 'Marzo'),
(70, 3, 6, 1030, 789, 'Marzo'),
(71, 3, 7, 1030, 789, 'Marzo'),
(72, 3, 8, 1030, 789, 'Marzo'),
(73, 3, 9, 1061, 808, 'Marzo'),
(74, 3, 10, 1030, 789, 'Marzo'),
(75, 3, 11, 1030, 789, 'Marzo'),
(76, 3, 12, 1030, 789, 'Marzo'),
(77, 3, 13, 1030, 789, 'Marzo'),
(78, 3, 14, 1030, 789, 'Marzo'),
(79, 3, 15, 1030, 789, 'Marzo'),
(80, 3, 16, 1030, 789, 'Marzo'),
(81, 3, 17, 1030, 789, 'Marzo'),
(82, 3, 18, 1030, 789, 'Marzo'),
(83, 3, 19, 1030, 789, 'Marzo'),
(84, 3, 20, 1030, 789, 'Marzo'),
(85, 3, 21, 1030, 789, 'Marzo'),
(86, 3, 22, 1030, 789, 'Marzo'),
(87, 3, 23, 1030, 789, 'Marzo'),
(88, 3, 24, 1030, 789, 'Marzo'),
(89, 3, 25, 1030, 789, 'Marzo'),
(90, 3, 26, 1030, 789, 'Marzo'),
(91, 3, 27, 1030, 789, 'Marzo'),
(92, 3, 28, 1030, 789, 'Marzo'),
(93, 3, 29, 1030, 789, 'Marzo'),
(94, 3, 30, 1030, 789, 'Marzo'),
(95, 3, 31, 1030, 789, 'Marzo'),
(96, 3, 32, 1030, 789, 'Marzo'),
(97, 4, 1, 1009, 721, 'Abril'),
(98, 4, 2, 1009, 721, 'Abril'),
(99, 4, 3, 1009, 721, 'Abril'),
(100, 4, 4, 1009, 721, 'Abril'),
(101, 4, 5, 1009, 721, 'Abril'),
(102, 4, 6, 1009, 721, 'Abril'),
(103, 4, 7, 1009, 721, 'Abril'),
(104, 4, 8, 1009, 721, 'Abril'),
(105, 4, 9, 1009, 750, 'Abril'),
(106, 4, 10, 1009, 721, 'Abril'),
(107, 4, 11, 1009, 721, 'Abril'),
(108, 4, 12, 1009, 721, 'Abril'),
(109, 4, 13, 1009, 721, 'Abril'),
(110, 4, 14, 1009, 721, 'Abril'),
(111, 4, 15, 1009, 721, 'Abril'),
(112, 4, 16, 1009, 721, 'Abril'),
(113, 4, 17, 1009, 721, 'Abril'),
(114, 4, 18, 1009, 721, 'Abril'),
(115, 4, 19, 1009, 721, 'Abril'),
(116, 4, 20, 1009, 721, 'Abril'),
(117, 4, 21, 1009, 721, 'Abril'),
(118, 4, 22, 1009, 721, 'Abril'),
(119, 4, 23, 1009, 721, 'Abril'),
(120, 4, 24, 1009, 721, 'Abril'),
(121, 4, 25, 1009, 721, 'Abril'),
(122, 4, 26, 1009, 721, 'Abril'),
(123, 4, 27, 1009, 721, 'Abril'),
(124, 4, 28, 1009, 721, 'Abril'),
(125, 4, 29, 1009, 721, 'Abril'),
(126, 4, 30, 1009, 721, 'Abril'),
(127, 4, 31, 1009, 721, 'Abril'),
(128, 4, 32, 1009, 721, 'Abril'),
(129, 5, 1, 1014, 865, 'Mayo'),
(130, 5, 2, 1014, 865, 'Mayo'),
(131, 5, 3, 1014, 865, 'Mayo'),
(132, 5, 4, 1014, 865, 'Mayo'),
(133, 5, 5, 1014, 865, 'Mayo'),
(134, 5, 6, 1014, 865, 'Mayo'),
(135, 5, 7, 1014, 865, 'Mayo'),
(136, 5, 8, 1014, 865, 'Mayo'),
(137, 5, 9, 1035, 890, 'Mayo'),
(138, 5, 10, 1014, 865, 'Mayo'),
(139, 5, 11, 1014, 865, 'Mayo'),
(140, 5, 12, 1014, 865, 'Mayo'),
(141, 5, 13, 1014, 865, 'Mayo'),
(142, 5, 14, 1014, 865, 'Mayo'),
(143, 5, 15, 1014, 865, 'Mayo'),
(144, 5, 16, 1014, 865, 'Mayo'),
(145, 5, 17, 1014, 865, 'Mayo'),
(146, 5, 18, 1014, 865, 'Mayo'),
(147, 5, 19, 1014, 865, 'Mayo'),
(148, 5, 20, 1014, 865, 'Mayo'),
(149, 5, 21, 1014, 865, 'Mayo'),
(150, 5, 22, 1014, 865, 'Mayo'),
(151, 5, 23, 1014, 865, 'Mayo'),
(152, 5, 24, 1014, 865, 'Mayo'),
(153, 5, 25, 1014, 865, 'Mayo'),
(154, 5, 26, 1014, 865, 'Mayo'),
(155, 5, 27, 1014, 865, 'Mayo'),
(156, 5, 28, 1014, 865, 'Mayo'),
(157, 5, 29, 1014, 865, 'Mayo'),
(158, 5, 30, 1014, 865, 'Mayo'),
(159, 5, 31, 1014, 865, 'Mayo'),
(160, 5, 32, 1014, 865, 'Mayo'),
(161, 6, 1, 1108, 788, 'Junio'),
(162, 6, 2, 1108, 788, 'Junio'),
(163, 6, 3, 1108, 788, 'Junio'),
(164, 6, 4, 1108, 788, 'Junio'),
(165, 6, 5, 1108, 788, 'Junio'),
(166, 6, 6, 1108, 788, 'Junio'),
(167, 6, 7, 1108, 788, 'Junio'),
(168, 6, 8, 1108, 788, 'Junio'),
(169, 6, 9, 1134, 795, 'Junio'),
(170, 6, 10, 1108, 788, 'Junio'),
(171, 6, 11, 1108, 788, 'Junio'),
(172, 6, 12, 1108, 788, 'Junio'),
(173, 6, 13, 1108, 788, 'Junio'),
(174, 6, 14, 1108, 788, 'Junio'),
(175, 6, 15, 1108, 788, 'Junio'),
(176, 6, 16, 1108, 788, 'Junio'),
(177, 6, 17, 1108, 788, 'Junio'),
(178, 6, 18, 1108, 788, 'Junio'),
(179, 6, 19, 1108, 788, 'Junio'),
(180, 6, 20, 1108, 788, 'Junio'),
(181, 6, 21, 1108, 788, 'Junio'),
(182, 6, 22, 1108, 788, 'Junio'),
(183, 6, 23, 1108, 788, 'Junio'),
(184, 6, 24, 1108, 788, 'Junio'),
(185, 6, 25, 1108, 788, 'Junio'),
(186, 6, 26, 1108, 788, 'Junio'),
(187, 6, 27, 1108, 788, 'Junio'),
(188, 6, 28, 1108, 788, 'Junio'),
(189, 6, 29, 1108, 788, 'Junio'),
(190, 6, 30, 1108, 788, 'Junio'),
(191, 6, 31, 1108, 788, 'Junio'),
(192, 6, 32, 1108, 788, 'Junio'),
(193, 7, 1, 937, 718, 'Julio'),
(194, 7, 2, 937, 718, 'Julio'),
(195, 7, 3, 937, 718, 'Julio'),
(196, 7, 4, 937, 718, 'Julio'),
(197, 7, 5, 937, 718, 'Julio'),
(198, 7, 6, 937, 718, 'Julio'),
(199, 7, 7, 937, 718, 'Julio'),
(200, 7, 8, 937, 718, 'Julio'),
(201, 7, 9, 955, 742, 'Julio'),
(202, 7, 10, 937, 718, 'Julio'),
(203, 7, 11, 937, 718, 'Julio'),
(204, 7, 12, 937, 718, 'Julio'),
(205, 7, 13, 937, 718, 'Julio'),
(206, 7, 14, 937, 718, 'Julio'),
(207, 7, 15, 937, 718, 'Julio'),
(208, 7, 16, 937, 718, 'Julio'),
(209, 7, 17, 937, 718, 'Julio'),
(210, 7, 18, 937, 718, 'Julio'),
(211, 7, 19, 937, 718, 'Julio'),
(212, 7, 20, 937, 718, 'Julio'),
(213, 7, 21, 937, 718, 'Julio'),
(214, 7, 22, 937, 718, 'Julio'),
(215, 7, 23, 937, 718, 'Julio'),
(216, 7, 24, 937, 718, 'Julio'),
(217, 7, 25, 937, 718, 'Julio'),
(218, 7, 26, 937, 718, 'Julio'),
(219, 7, 27, 937, 718, 'Julio'),
(220, 7, 28, 937, 718, 'Julio'),
(221, 7, 29, 937, 718, 'Julio'),
(222, 7, 30, 937, 718, 'Julio'),
(223, 7, 31, 937, 718, 'Julio'),
(224, 7, 32, 937, 718, 'Julio'),
(225, 8, 1, 1048, 854, 'Agosto'),
(226, 8, 2, 1048, 854, 'Agosto'),
(227, 8, 3, 1048, 854, 'Agosto'),
(228, 8, 4, 1048, 854, 'Agosto'),
(229, 8, 5, 1048, 854, 'Agosto'),
(230, 8, 6, 1048, 854, 'Agosto'),
(231, 8, 7, 1048, 854, 'Agosto'),
(232, 8, 8, 1048, 854, 'Agosto'),
(233, 8, 9, 1079, 856, 'Agosto'),
(234, 8, 10, 1048, 854, 'Agosto'),
(235, 8, 11, 1048, 854, 'Agosto'),
(236, 8, 12, 1048, 854, 'Agosto'),
(237, 8, 13, 1048, 854, 'Agosto'),
(238, 8, 14, 1048, 854, 'Agosto'),
(239, 8, 15, 1048, 854, 'Agosto'),
(240, 8, 16, 1048, 854, 'Agosto'),
(241, 8, 17, 1048, 854, 'Agosto'),
(242, 8, 18, 1048, 854, 'Agosto'),
(243, 8, 19, 1048, 854, 'Agosto'),
(244, 8, 20, 1048, 854, 'Agosto'),
(245, 8, 21, 1048, 854, 'Agosto'),
(246, 8, 22, 1048, 854, 'Agosto'),
(247, 8, 23, 1048, 854, 'Agosto'),
(248, 8, 24, 1048, 854, 'Agosto'),
(249, 8, 25, 1048, 854, 'Agosto'),
(250, 8, 26, 1048, 854, 'Agosto'),
(251, 8, 27, 1048, 854, 'Agosto'),
(252, 8, 28, 1048, 854, 'Agosto'),
(253, 8, 29, 1048, 854, 'Agosto'),
(254, 8, 30, 1048, 854, 'Agosto'),
(255, 8, 31, 1048, 854, 'Agosto'),
(256, 8, 32, 1048, 854, 'Agosto'),
(257, 9, 1, 1182, 739, 'Septiembre'),
(258, 9, 2, 1182, 739, 'Septiembre'),
(259, 9, 3, 1182, 739, 'Septiembre'),
(260, 9, 4, 1182, 739, 'Septiembre'),
(261, 9, 5, 1182, 739, 'Septiembre'),
(262, 9, 6, 1182, 739, 'Septiembre'),
(263, 9, 7, 1182, 739, 'Septiembre'),
(264, 9, 8, 1182, 739, 'Septiembre'),
(265, 9, 9, 1184, 740, 'Septiembre'),
(266, 9, 10, 1182, 739, 'Septiembre'),
(267, 9, 11, 1182, 739, 'Septiembre'),
(268, 9, 12, 1182, 739, 'Septiembre'),
(269, 9, 13, 1182, 739, 'Septiembre'),
(270, 9, 14, 1182, 739, 'Septiembre'),
(271, 9, 15, 1182, 739, 'Septiembre'),
(272, 9, 16, 1182, 739, 'Septiembre'),
(273, 9, 17, 1182, 739, 'Septiembre'),
(274, 9, 18, 1182, 739, 'Septiembre'),
(275, 9, 19, 1182, 739, 'Septiembre'),
(276, 9, 20, 1182, 739, 'Septiembre'),
(277, 9, 21, 1182, 739, 'Septiembre'),
(278, 9, 22, 1182, 739, 'Septiembre'),
(279, 9, 23, 1182, 739, 'Septiembre'),
(280, 9, 24, 1182, 739, 'Septiembre'),
(281, 9, 25, 1182, 739, 'Septiembre'),
(282, 9, 26, 1182, 739, 'Septiembre'),
(283, 9, 27, 1182, 739, 'Septiembre'),
(284, 9, 28, 1182, 739, 'Septiembre'),
(285, 9, 29, 1182, 739, 'Septiembre'),
(286, 9, 30, 1182, 739, 'Septiembre'),
(287, 9, 31, 1182, 739, 'Septiembre'),
(288, 9, 32, 1182, 739, 'Septiembre'),
(289, 10, 1, 1201, 758, 'Octubre'),
(290, 10, 2, 1201, 758, 'Octubre'),
(291, 10, 3, 1201, 758, 'Octubre'),
(292, 10, 4, 1201, 758, 'Octubre'),
(293, 10, 5, 1201, 758, 'Octubre'),
(294, 10, 6, 1201, 758, 'Octubre'),
(295, 10, 7, 1201, 758, 'Octubre'),
(296, 10, 8, 1201, 758, 'Octubre'),
(297, 10, 9, 1201, 760, 'Octubre'),
(298, 10, 10, 1201, 758, 'Octubre'),
(299, 10, 11, 1201, 758, 'Octubre'),
(300, 10, 12, 1201, 758, 'Octubre'),
(301, 10, 13, 1201, 758, 'Octubre'),
(302, 10, 14, 1201, 758, 'Octubre'),
(303, 10, 15, 1201, 758, 'Octubre'),
(304, 10, 16, 1201, 758, 'Octubre'),
(305, 10, 17, 1201, 758, 'Octubre'),
(306, 10, 18, 1201, 758, 'Octubre'),
(307, 10, 19, 1201, 758, 'Octubre'),
(308, 10, 20, 1201, 758, 'Octubre'),
(309, 10, 21, 1201, 758, 'Octubre'),
(310, 10, 22, 1201, 758, 'Octubre'),
(311, 10, 23, 1201, 758, 'Octubre'),
(312, 10, 24, 1201, 758, 'Octubre'),
(313, 10, 25, 1201, 758, 'Octubre'),
(314, 10, 26, 1201, 758, 'Octubre'),
(315, 10, 27, 1201, 758, 'Octubre'),
(316, 10, 28, 1201, 758, 'Octubre'),
(317, 10, 29, 1201, 758, 'Octubre'),
(318, 10, 30, 1201, 758, 'Octubre'),
(319, 10, 31, 1201, 758, 'Octubre'),
(320, 10, 32, 1201, 758, 'Octubre'),
(321, 11, 1, 1208, 698, 'Noviembre'),
(322, 11, 2, 1208, 698, 'Noviembre'),
(323, 11, 3, 1208, 698, 'Noviembre'),
(324, 11, 4, 1208, 698, 'Noviembre'),
(325, 11, 5, 1208, 698, 'Noviembre'),
(326, 11, 6, 1208, 698, 'Noviembre'),
(327, 11, 7, 1208, 698, 'Noviembre'),
(328, 11, 8, 1208, 698, 'Noviembre'),
(329, 11, 9, 1234, 706, 'Noviembre'),
(330, 11, 10, 1208, 698, 'Noviembre'),
(331, 11, 11, 1208, 698, 'Noviembre'),
(332, 11, 12, 1208, 698, 'Noviembre'),
(333, 11, 13, 1208, 698, 'Noviembre'),
(334, 11, 14, 1208, 698, 'Noviembre'),
(335, 11, 15, 1208, 698, 'Noviembre'),
(336, 11, 16, 1208, 698, 'Noviembre'),
(337, 11, 17, 1208, 698, 'Noviembre'),
(338, 11, 18, 1208, 698, 'Noviembre'),
(339, 11, 19, 1208, 698, 'Noviembre'),
(340, 11, 20, 1208, 698, 'Noviembre'),
(341, 11, 21, 1208, 698, 'Noviembre'),
(342, 11, 22, 1208, 698, 'Noviembre'),
(343, 11, 23, 1208, 698, 'Noviembre'),
(344, 11, 24, 1208, 698, 'Noviembre'),
(345, 11, 25, 1208, 698, 'Noviembre'),
(346, 11, 26, 1208, 698, 'Noviembre'),
(347, 11, 27, 1208, 698, 'Noviembre'),
(348, 11, 28, 1208, 698, 'Noviembre'),
(349, 11, 29, 1208, 698, 'Noviembre'),
(350, 11, 30, 1208, 698, 'Noviembre'),
(351, 11, 31, 1208, 698, 'Noviembre'),
(352, 11, 32, 1208, 698, 'Noviembre'),
(353, 12, 1, 1191, 842, 'Diciembre'),
(354, 12, 2, 1191, 842, 'Diciembre'),
(355, 12, 3, 1191, 842, 'Diciembre'),
(356, 12, 4, 1191, 842, 'Diciembre'),
(357, 12, 5, 1191, 842, 'Diciembre'),
(358, 12, 6, 1191, 842, 'Diciembre'),
(359, 12, 7, 1191, 842, 'Diciembre'),
(360, 12, 8, 1191, 842, 'Diciembre'),
(361, 12, 9, 1192, 842, 'Diciembre'),
(362, 12, 10, 1191, 842, 'Diciembre'),
(363, 12, 11, 1191, 842, 'Diciembre'),
(364, 12, 12, 1191, 842, 'Diciembre'),
(365, 12, 13, 1191, 842, 'Diciembre'),
(366, 12, 14, 1191, 842, 'Diciembre'),
(367, 12, 15, 1191, 842, 'Diciembre'),
(368, 12, 16, 1191, 842, 'Diciembre'),
(369, 12, 17, 1191, 842, 'Diciembre'),
(370, 12, 18, 1191, 842, 'Diciembre'),
(371, 12, 19, 1191, 842, 'Diciembre'),
(372, 12, 20, 1191, 842, 'Diciembre'),
(373, 12, 21, 1191, 842, 'Diciembre'),
(374, 12, 22, 1191, 842, 'Diciembre'),
(375, 12, 23, 1191, 842, 'Diciembre'),
(376, 12, 24, 1191, 842, 'Diciembre'),
(377, 12, 25, 1191, 842, 'Diciembre'),
(378, 12, 26, 1191, 842, 'Diciembre'),
(379, 12, 27, 1191, 842, 'Diciembre'),
(380, 12, 28, 1191, 842, 'Diciembre'),
(381, 12, 29, 1191, 842, 'Diciembre'),
(382, 12, 30, 1191, 842, 'Diciembre'),
(383, 12, 31, 1191, 842, 'Diciembre'),
(384, 12, 32, 1191, 842, 'Diciembre'),
(385, 13, 1, 1078, 740, 'Enero'),
(386, 13, 2, 1078, 740, 'Enero'),
(387, 13, 3, 1078, 740, 'Enero'),
(388, 13, 4, 1078, 740, 'Enero'),
(389, 13, 5, 1078, 740, 'Enero'),
(390, 13, 6, 1078, 740, 'Enero'),
(391, 13, 7, 1078, 740, 'Enero'),
(392, 13, 8, 1078, 740, 'Enero'),
(393, 13, 9, 1104, 750, 'Enero'),
(394, 13, 10, 1078, 740, 'Enero'),
(395, 13, 11, 1078, 740, 'Enero'),
(396, 13, 12, 1078, 740, 'Enero'),
(397, 13, 13, 1078, 740, 'Enero'),
(398, 13, 14, 1078, 740, 'Enero'),
(399, 13, 15, 1078, 740, 'Enero'),
(400, 13, 16, 1078, 740, 'Enero'),
(401, 13, 17, 1078, 740, 'Enero'),
(402, 13, 18, 1078, 740, 'Enero'),
(403, 13, 19, 1078, 740, 'Enero'),
(404, 13, 20, 1078, 740, 'Enero'),
(405, 13, 21, 1078, 740, 'Enero'),
(406, 13, 22, 1078, 740, 'Enero'),
(407, 13, 23, 1078, 740, 'Enero'),
(408, 13, 24, 1078, 740, 'Enero'),
(409, 13, 25, 1078, 740, 'Enero'),
(410, 13, 26, 1078, 740, 'Enero'),
(411, 13, 27, 1078, 740, 'Enero'),
(412, 13, 28, 1078, 740, 'Enero'),
(413, 13, 29, 1078, 740, 'Enero'),
(414, 13, 30, 1078, 740, 'Enero'),
(415, 13, 31, 1078, 740, 'Enero'),
(416, 13, 32, 1078, 740, 'Enero'),
(417, 14, 1, 1195, 800, 'Febrero'),
(418, 14, 2, 1195, 800, 'Febrero'),
(419, 14, 3, 1195, 800, 'Febrero'),
(420, 14, 4, 1195, 800, 'Febrero'),
(421, 14, 5, 1195, 800, 'Febrero'),
(422, 14, 6, 1195, 800, 'Febrero'),
(423, 14, 7, 1195, 800, 'Febrero'),
(424, 14, 8, 1195, 800, 'Febrero'),
(425, 14, 9, 1225, 820, 'Febrero'),
(426, 14, 10, 1195, 800, 'Febrero'),
(427, 14, 11, 1195, 800, 'Febrero'),
(428, 14, 12, 1195, 800, 'Febrero'),
(429, 14, 13, 1195, 800, 'Febrero'),
(430, 14, 14, 1195, 800, 'Febrero'),
(431, 14, 15, 1195, 800, 'Febrero'),
(432, 14, 16, 1195, 800, 'Febrero'),
(433, 14, 17, 1195, 800, 'Febrero'),
(434, 14, 18, 1195, 800, 'Febrero'),
(435, 14, 19, 1195, 800, 'Febrero'),
(436, 14, 20, 1195, 800, 'Febrero'),
(437, 14, 21, 1195, 800, 'Febrero'),
(438, 14, 22, 1195, 800, 'Febrero'),
(439, 14, 23, 1195, 800, 'Febrero'),
(440, 14, 24, 1195, 800, 'Febrero'),
(441, 14, 25, 1195, 800, 'Febrero'),
(442, 14, 26, 1195, 800, 'Febrero'),
(443, 14, 27, 1195, 800, 'Febrero'),
(444, 14, 28, 1195, 800, 'Febrero'),
(445, 14, 29, 1195, 800, 'Febrero'),
(446, 14, 30, 1195, 800, 'Febrero'),
(447, 14, 31, 1195, 800, 'Febrero'),
(448, 14, 32, 1195, 800, 'Febrero'),
(449, 15, 1, 1180, 657, 'Marzo'),
(450, 15, 2, 1180, 657, 'Marzo'),
(451, 15, 3, 1180, 657, 'Marzo'),
(452, 15, 4, 1180, 657, 'Marzo'),
(453, 15, 5, 1180, 657, 'Marzo'),
(454, 15, 6, 1180, 657, 'Marzo'),
(455, 15, 7, 1180, 657, 'Marzo'),
(456, 15, 8, 1180, 657, 'Marzo'),
(457, 15, 9, 1206, 661, 'Marzo'),
(458, 15, 10, 1180, 657, 'Marzo'),
(459, 15, 11, 1180, 657, 'Marzo'),
(460, 15, 12, 1180, 657, 'Marzo'),
(461, 15, 13, 1180, 657, 'Marzo'),
(462, 15, 14, 1180, 657, 'Marzo'),
(463, 15, 15, 1180, 657, 'Marzo'),
(464, 15, 16, 1180, 657, 'Marzo'),
(465, 15, 17, 1180, 657, 'Marzo'),
(466, 15, 18, 1180, 657, 'Marzo'),
(467, 15, 19, 1180, 657, 'Marzo'),
(468, 15, 20, 1180, 657, 'Marzo'),
(469, 15, 21, 1180, 657, 'Marzo'),
(470, 15, 22, 1180, 657, 'Marzo'),
(471, 15, 23, 1180, 657, 'Marzo'),
(472, 15, 24, 1180, 657, 'Marzo'),
(473, 15, 25, 1180, 657, 'Marzo'),
(474, 15, 26, 1180, 657, 'Marzo'),
(475, 15, 27, 1180, 657, 'Marzo'),
(476, 15, 28, 1180, 657, 'Marzo'),
(477, 15, 29, 1180, 657, 'Marzo'),
(478, 15, 30, 1180, 657, 'Marzo'),
(479, 15, 31, 1180, 657, 'Marzo'),
(480, 15, 32, 1180, 657, 'Marzo'),
(481, 16, 1, 1066, 758, 'Abril'),
(482, 16, 2, 1066, 758, 'Abril'),
(483, 16, 3, 1066, 758, 'Abril'),
(484, 16, 4, 1066, 758, 'Abril'),
(485, 16, 5, 1066, 758, 'Abril'),
(486, 16, 6, 1066, 758, 'Abril'),
(487, 16, 7, 1066, 758, 'Abril'),
(488, 16, 8, 1066, 758, 'Abril'),
(489, 16, 9, 1074, 785, 'Abril'),
(490, 16, 10, 1066, 758, 'Abril'),
(491, 16, 11, 1066, 758, 'Abril'),
(492, 16, 12, 1066, 758, 'Abril'),
(493, 16, 13, 1066, 758, 'Abril'),
(494, 16, 14, 1066, 758, 'Abril'),
(495, 16, 15, 1066, 758, 'Abril'),
(496, 16, 16, 1066, 758, 'Abril'),
(497, 16, 17, 1066, 758, 'Abril'),
(498, 16, 18, 1066, 758, 'Abril'),
(499, 16, 19, 1066, 758, 'Abril'),
(500, 16, 20, 1066, 758, 'Abril'),
(501, 16, 21, 1066, 758, 'Abril'),
(502, 16, 22, 1066, 758, 'Abril'),
(503, 16, 23, 1066, 758, 'Abril'),
(504, 16, 24, 1066, 758, 'Abril'),
(505, 16, 25, 1066, 758, 'Abril'),
(506, 16, 26, 1066, 758, 'Abril'),
(507, 16, 27, 1066, 758, 'Abril'),
(508, 16, 28, 1066, 758, 'Abril'),
(509, 16, 29, 1066, 758, 'Abril'),
(510, 16, 30, 1066, 758, 'Abril'),
(511, 16, 31, 1066, 758, 'Abril'),
(512, 16, 32, 1066, 758, 'Abril'),
(513, 17, 1, 1163, 697, 'Mayo'),
(514, 17, 2, 1163, 697, 'Mayo'),
(515, 17, 3, 1163, 697, 'Mayo'),
(516, 17, 4, 1163, 697, 'Mayo'),
(517, 17, 5, 1163, 697, 'Mayo'),
(518, 17, 6, 1163, 697, 'Mayo'),
(519, 17, 7, 1163, 697, 'Mayo'),
(520, 17, 8, 1163, 697, 'Mayo'),
(521, 17, 9, 1190, 725, 'Mayo'),
(522, 17, 10, 1163, 697, 'Mayo'),
(523, 17, 11, 1163, 697, 'Mayo'),
(524, 17, 12, 1163, 697, 'Mayo'),
(525, 17, 13, 1163, 697, 'Mayo'),
(526, 17, 14, 1163, 697, 'Mayo'),
(527, 17, 15, 1163, 697, 'Mayo'),
(528, 17, 16, 1163, 697, 'Mayo'),
(529, 17, 17, 1163, 697, 'Mayo'),
(530, 17, 18, 1163, 697, 'Mayo'),
(531, 17, 19, 1163, 697, 'Mayo'),
(532, 17, 20, 1163, 697, 'Mayo'),
(533, 17, 21, 1163, 697, 'Mayo'),
(534, 17, 22, 1163, 697, 'Mayo'),
(535, 17, 23, 1163, 697, 'Mayo'),
(536, 17, 24, 1163, 697, 'Mayo'),
(537, 17, 25, 1163, 697, 'Mayo'),
(538, 17, 26, 1163, 697, 'Mayo'),
(539, 17, 27, 1163, 697, 'Mayo'),
(540, 17, 28, 1163, 697, 'Mayo'),
(541, 17, 29, 1163, 697, 'Mayo'),
(542, 17, 30, 1163, 697, 'Mayo'),
(543, 17, 31, 1163, 697, 'Mayo'),
(544, 17, 32, 1163, 697, 'Mayo'),
(545, 18, 1, 1057, 837, 'Junio'),
(546, 18, 2, 1057, 837, 'Junio'),
(547, 18, 3, 1057, 837, 'Junio'),
(548, 18, 4, 1057, 837, 'Junio'),
(549, 18, 5, 1057, 837, 'Junio'),
(550, 18, 6, 1057, 837, 'Junio'),
(551, 18, 7, 1057, 837, 'Junio'),
(552, 18, 8, 1057, 837, 'Junio'),
(553, 18, 9, 1086, 865, 'Junio'),
(554, 18, 10, 1057, 837, 'Junio'),
(555, 18, 11, 1057, 837, 'Junio'),
(556, 18, 12, 1057, 837, 'Junio'),
(557, 18, 13, 1057, 837, 'Junio'),
(558, 18, 14, 1057, 837, 'Junio'),
(559, 18, 15, 1057, 837, 'Junio'),
(560, 18, 16, 1057, 837, 'Junio'),
(561, 18, 17, 1057, 837, 'Junio'),
(562, 18, 18, 1057, 837, 'Junio'),
(563, 18, 19, 1057, 837, 'Junio'),
(564, 18, 20, 1057, 837, 'Junio'),
(565, 18, 21, 1057, 837, 'Junio'),
(566, 18, 22, 1057, 837, 'Junio'),
(567, 18, 23, 1057, 837, 'Junio'),
(568, 18, 24, 1057, 837, 'Junio'),
(569, 18, 25, 1057, 837, 'Junio'),
(570, 18, 26, 1057, 837, 'Junio'),
(571, 18, 27, 1057, 837, 'Junio'),
(572, 18, 28, 1057, 837, 'Junio'),
(573, 18, 29, 1057, 837, 'Junio'),
(574, 18, 30, 1057, 837, 'Junio'),
(575, 18, 31, 1057, 837, 'Junio'),
(576, 18, 32, 1057, 837, 'Junio'),
(577, 19, 1, 1173, 720, 'Julio'),
(578, 19, 2, 1173, 720, 'Julio'),
(579, 19, 3, 1173, 720, 'Julio'),
(580, 19, 4, 1173, 720, 'Julio'),
(581, 19, 5, 1173, 720, 'Julio'),
(582, 19, 6, 1173, 720, 'Julio'),
(583, 19, 7, 1173, 720, 'Julio'),
(584, 19, 8, 1173, 720, 'Julio'),
(585, 19, 9, 1175, 742, 'Julio'),
(586, 19, 10, 1173, 720, 'Julio'),
(587, 19, 11, 1173, 720, 'Julio'),
(588, 19, 12, 1173, 720, 'Julio'),
(589, 19, 13, 1173, 720, 'Julio'),
(590, 19, 14, 1173, 720, 'Julio'),
(591, 19, 15, 1173, 720, 'Julio'),
(592, 19, 16, 1173, 720, 'Julio'),
(593, 19, 17, 1173, 720, 'Julio'),
(594, 19, 18, 1173, 720, 'Julio'),
(595, 19, 19, 1173, 720, 'Julio'),
(596, 19, 20, 1173, 720, 'Julio'),
(597, 19, 21, 1173, 720, 'Julio'),
(598, 19, 22, 1173, 720, 'Julio'),
(599, 19, 23, 1173, 720, 'Julio'),
(600, 19, 24, 1173, 720, 'Julio'),
(601, 19, 25, 1173, 720, 'Julio'),
(602, 19, 26, 1173, 720, 'Julio'),
(603, 19, 27, 1173, 720, 'Julio'),
(604, 19, 28, 1173, 720, 'Julio'),
(605, 19, 29, 1173, 720, 'Julio'),
(606, 19, 30, 1173, 720, 'Julio'),
(607, 19, 31, 1173, 720, 'Julio'),
(608, 19, 32, 1173, 720, 'Julio'),
(609, 20, 1, 1129, 714, 'Agosto'),
(610, 20, 2, 1129, 714, 'Agosto'),
(611, 20, 3, 1129, 714, 'Agosto'),
(612, 20, 4, 1129, 714, 'Agosto'),
(613, 20, 5, 1129, 714, 'Agosto'),
(614, 20, 6, 1129, 714, 'Agosto'),
(615, 20, 7, 1129, 714, 'Agosto'),
(616, 20, 8, 1129, 714, 'Agosto'),
(617, 20, 9, 1133, 743, 'Agosto'),
(618, 20, 10, 1129, 714, 'Agosto'),
(619, 20, 11, 1129, 714, 'Agosto'),
(620, 20, 12, 1129, 714, 'Agosto'),
(621, 20, 13, 1129, 714, 'Agosto'),
(622, 20, 14, 1129, 714, 'Agosto'),
(623, 20, 15, 1129, 714, 'Agosto'),
(624, 20, 16, 1129, 714, 'Agosto'),
(625, 20, 17, 1129, 714, 'Agosto'),
(626, 20, 18, 1129, 714, 'Agosto'),
(627, 20, 19, 1129, 714, 'Agosto'),
(628, 20, 20, 1129, 714, 'Agosto'),
(629, 20, 21, 1129, 714, 'Agosto'),
(630, 20, 22, 1129, 714, 'Agosto'),
(631, 20, 23, 1129, 714, 'Agosto'),
(632, 20, 24, 1129, 714, 'Agosto'),
(633, 20, 25, 1129, 714, 'Agosto'),
(634, 20, 26, 1129, 714, 'Agosto'),
(635, 20, 27, 1129, 714, 'Agosto'),
(636, 20, 28, 1129, 714, 'Agosto'),
(637, 20, 29, 1129, 714, 'Agosto'),
(638, 20, 30, 1129, 714, 'Agosto'),
(639, 20, 31, 1129, 714, 'Agosto'),
(640, 20, 32, 1129, 714, 'Agosto'),
(641, 21, 1, 1188, 787, 'Septiembre'),
(642, 21, 2, 1188, 787, 'Septiembre'),
(643, 21, 3, 1188, 787, 'Septiembre'),
(644, 21, 4, 1188, 787, 'Septiembre'),
(645, 21, 5, 1188, 787, 'Septiembre'),
(646, 21, 6, 1188, 787, 'Septiembre'),
(647, 21, 7, 1188, 787, 'Septiembre'),
(648, 21, 8, 1188, 787, 'Septiembre'),
(649, 21, 9, 1217, 800, 'Septiembre'),
(650, 21, 10, 1188, 787, 'Septiembre'),
(651, 21, 11, 1188, 787, 'Septiembre'),
(652, 21, 12, 1188, 787, 'Septiembre'),
(653, 21, 13, 1188, 787, 'Septiembre'),
(654, 21, 14, 1188, 787, 'Septiembre'),
(655, 21, 15, 1188, 787, 'Septiembre'),
(656, 21, 16, 1188, 787, 'Septiembre'),
(657, 21, 17, 1188, 787, 'Septiembre'),
(658, 21, 18, 1188, 787, 'Septiembre'),
(659, 21, 19, 1188, 787, 'Septiembre'),
(660, 21, 20, 1188, 787, 'Septiembre'),
(661, 21, 21, 1188, 787, 'Septiembre'),
(662, 21, 22, 1188, 787, 'Septiembre'),
(663, 21, 23, 1188, 787, 'Septiembre'),
(664, 21, 24, 1188, 787, 'Septiembre'),
(665, 21, 25, 1188, 787, 'Septiembre'),
(666, 21, 26, 1188, 787, 'Septiembre'),
(667, 21, 27, 1188, 787, 'Septiembre'),
(668, 21, 28, 1188, 787, 'Septiembre'),
(669, 21, 29, 1188, 787, 'Septiembre'),
(670, 21, 30, 1188, 787, 'Septiembre'),
(671, 21, 31, 1188, 787, 'Septiembre'),
(672, 21, 32, 1188, 787, 'Septiembre'),
(673, 22, 1, 994, 667, 'Octubre'),
(674, 22, 2, 994, 667, 'Octubre'),
(675, 22, 3, 994, 667, 'Octubre'),
(676, 22, 4, 994, 667, 'Octubre'),
(677, 22, 5, 994, 667, 'Octubre'),
(678, 22, 6, 994, 667, 'Octubre'),
(679, 22, 7, 994, 667, 'Octubre'),
(680, 22, 8, 994, 667, 'Octubre'),
(681, 22, 9, 1017, 678, 'Octubre'),
(682, 22, 10, 994, 667, 'Octubre'),
(683, 22, 11, 994, 667, 'Octubre'),
(684, 22, 12, 994, 667, 'Octubre'),
(685, 22, 13, 994, 667, 'Octubre'),
(686, 22, 14, 994, 667, 'Octubre'),
(687, 22, 15, 994, 667, 'Octubre'),
(688, 22, 16, 994, 667, 'Octubre'),
(689, 22, 17, 994, 667, 'Octubre'),
(690, 22, 18, 994, 667, 'Octubre'),
(691, 22, 19, 994, 667, 'Octubre'),
(692, 22, 20, 994, 667, 'Octubre'),
(693, 22, 21, 994, 667, 'Octubre'),
(694, 22, 22, 994, 667, 'Octubre'),
(695, 22, 23, 994, 667, 'Octubre'),
(696, 22, 24, 994, 667, 'Octubre'),
(697, 22, 25, 994, 667, 'Octubre'),
(698, 22, 26, 994, 667, 'Octubre'),
(699, 22, 27, 994, 667, 'Octubre'),
(700, 22, 28, 994, 667, 'Octubre'),
(701, 22, 29, 994, 667, 'Octubre'),
(702, 22, 30, 994, 667, 'Octubre'),
(703, 22, 31, 994, 667, 'Octubre'),
(704, 22, 32, 994, 667, 'Octubre'),
(705, 23, 1, 1094, 849, 'Noviembre'),
(706, 23, 2, 1094, 849, 'Noviembre'),
(707, 23, 3, 1094, 849, 'Noviembre'),
(708, 23, 4, 1094, 849, 'Noviembre'),
(709, 23, 5, 1094, 849, 'Noviembre'),
(710, 23, 6, 1094, 849, 'Noviembre'),
(711, 23, 7, 1094, 849, 'Noviembre'),
(712, 23, 8, 1094, 849, 'Noviembre'),
(713, 23, 9, 1107, 867, 'Noviembre'),
(714, 23, 10, 1094, 849, 'Noviembre'),
(715, 23, 11, 1094, 849, 'Noviembre'),
(716, 23, 12, 1094, 849, 'Noviembre'),
(717, 23, 13, 1094, 849, 'Noviembre'),
(718, 23, 14, 1094, 849, 'Noviembre'),
(719, 23, 15, 1094, 849, 'Noviembre'),
(720, 23, 16, 1094, 849, 'Noviembre'),
(721, 23, 17, 1094, 849, 'Noviembre'),
(722, 23, 18, 1094, 849, 'Noviembre'),
(723, 23, 19, 1094, 849, 'Noviembre'),
(724, 23, 20, 1094, 849, 'Noviembre'),
(725, 23, 21, 1094, 849, 'Noviembre'),
(726, 23, 22, 1094, 849, 'Noviembre'),
(727, 23, 23, 1094, 849, 'Noviembre'),
(728, 23, 24, 1094, 849, 'Noviembre'),
(729, 23, 25, 1094, 849, 'Noviembre'),
(730, 23, 26, 1094, 849, 'Noviembre'),
(731, 23, 27, 1094, 849, 'Noviembre'),
(732, 23, 28, 1094, 849, 'Noviembre'),
(733, 23, 29, 1094, 849, 'Noviembre'),
(734, 23, 30, 1094, 849, 'Noviembre'),
(735, 23, 31, 1094, 849, 'Noviembre'),
(736, 23, 32, 1094, 849, 'Noviembre'),
(737, 24, 1, 1237, 870, 'Diciembre'),
(738, 24, 2, 1237, 870, 'Diciembre'),
(739, 24, 3, 1237, 870, 'Diciembre'),
(740, 24, 4, 1237, 870, 'Diciembre'),
(741, 24, 5, 1237, 870, 'Diciembre'),
(742, 24, 6, 1237, 870, 'Diciembre'),
(743, 24, 7, 1237, 870, 'Diciembre'),
(744, 24, 8, 1237, 870, 'Diciembre'),
(745, 24, 9, 1263, 894, 'Diciembre'),
(746, 24, 10, 1237, 870, 'Diciembre'),
(747, 24, 11, 1237, 870, 'Diciembre'),
(748, 24, 12, 1237, 870, 'Diciembre'),
(749, 24, 13, 1237, 870, 'Diciembre'),
(750, 24, 14, 1237, 870, 'Diciembre'),
(751, 24, 15, 1237, 870, 'Diciembre'),
(752, 24, 16, 1237, 870, 'Diciembre'),
(753, 24, 17, 1237, 870, 'Diciembre'),
(754, 24, 18, 1237, 870, 'Diciembre'),
(755, 24, 19, 1237, 870, 'Diciembre'),
(756, 24, 20, 1237, 870, 'Diciembre'),
(757, 24, 21, 1237, 870, 'Diciembre'),
(758, 24, 22, 1237, 870, 'Diciembre'),
(759, 24, 23, 1237, 870, 'Diciembre'),
(760, 24, 24, 1237, 870, 'Diciembre'),
(761, 24, 25, 1237, 870, 'Diciembre'),
(762, 24, 26, 1237, 870, 'Diciembre'),
(763, 24, 27, 1237, 870, 'Diciembre'),
(764, 24, 28, 1237, 870, 'Diciembre'),
(765, 24, 29, 1237, 870, 'Diciembre'),
(766, 24, 30, 1237, 870, 'Diciembre'),
(767, 24, 31, 1237, 870, 'Diciembre'),
(768, 24, 32, 1237, 870, 'Diciembre'),
(769, 25, 1, 1030, 680, 'Enero'),
(770, 25, 2, 1030, 680, 'Enero'),
(771, 25, 3, 1030, 680, 'Enero'),
(772, 25, 4, 1030, 680, 'Enero'),
(773, 25, 5, 1030, 680, 'Enero'),
(774, 25, 6, 1030, 680, 'Enero'),
(775, 25, 7, 1030, 680, 'Enero'),
(776, 25, 8, 1030, 680, 'Enero'),
(777, 25, 9, 1060, 684, 'Enero'),
(778, 25, 10, 1030, 680, 'Enero'),
(779, 25, 11, 1030, 680, 'Enero'),
(780, 25, 12, 1030, 680, 'Enero'),
(781, 25, 13, 1030, 680, 'Enero'),
(782, 25, 14, 1030, 680, 'Enero'),
(783, 25, 15, 1030, 680, 'Enero'),
(784, 25, 16, 1030, 680, 'Enero'),
(785, 25, 17, 1030, 680, 'Enero'),
(786, 25, 18, 1030, 680, 'Enero'),
(787, 25, 19, 1030, 680, 'Enero'),
(788, 25, 20, 1030, 680, 'Enero'),
(789, 25, 21, 1030, 680, 'Enero'),
(790, 25, 22, 1030, 680, 'Enero'),
(791, 25, 23, 1030, 680, 'Enero'),
(792, 25, 24, 1030, 680, 'Enero'),
(793, 25, 25, 1030, 680, 'Enero'),
(794, 25, 26, 1030, 680, 'Enero'),
(795, 25, 27, 1030, 680, 'Enero'),
(796, 25, 28, 1030, 680, 'Enero'),
(797, 25, 29, 1030, 680, 'Enero'),
(798, 25, 30, 1030, 680, 'Enero'),
(799, 25, 31, 1030, 680, 'Enero'),
(800, 25, 32, 1030, 680, 'Enero'),
(801, 26, 1, 1128, 663, 'Febrero'),
(802, 26, 2, 1128, 663, 'Febrero'),
(803, 26, 3, 1128, 663, 'Febrero'),
(804, 26, 4, 1128, 663, 'Febrero'),
(805, 26, 5, 1128, 663, 'Febrero'),
(806, 26, 6, 1128, 663, 'Febrero'),
(807, 26, 7, 1128, 663, 'Febrero'),
(808, 26, 8, 1128, 663, 'Febrero'),
(809, 26, 9, 1150, 674, 'Febrero'),
(810, 26, 10, 1128, 663, 'Febrero'),
(811, 26, 11, 1128, 663, 'Febrero'),
(812, 26, 12, 1128, 663, 'Febrero'),
(813, 26, 13, 1128, 663, 'Febrero'),
(814, 26, 14, 1128, 663, 'Febrero'),
(815, 26, 15, 1128, 663, 'Febrero'),
(816, 26, 16, 1128, 663, 'Febrero'),
(817, 26, 17, 1128, 663, 'Febrero'),
(818, 26, 18, 1128, 663, 'Febrero'),
(819, 26, 19, 1128, 663, 'Febrero'),
(820, 26, 20, 1128, 663, 'Febrero'),
(821, 26, 21, 1128, 663, 'Febrero'),
(822, 26, 22, 1128, 663, 'Febrero'),
(823, 26, 23, 1128, 663, 'Febrero'),
(824, 26, 24, 1128, 663, 'Febrero'),
(825, 26, 25, 1128, 663, 'Febrero'),
(826, 26, 26, 1128, 663, 'Febrero'),
(827, 26, 27, 1128, 663, 'Febrero'),
(828, 26, 28, 1128, 663, 'Febrero'),
(829, 26, 29, 1128, 663, 'Febrero'),
(830, 26, 30, 1128, 663, 'Febrero'),
(831, 26, 31, 1128, 663, 'Febrero'),
(832, 26, 32, 1128, 663, 'Febrero'),
(833, 27, 1, 988, 651, 'Marzo'),
(834, 27, 2, 988, 651, 'Marzo'),
(835, 27, 3, 988, 651, 'Marzo'),
(836, 27, 4, 988, 651, 'Marzo'),
(837, 27, 5, 988, 651, 'Marzo'),
(838, 27, 6, 988, 651, 'Marzo'),
(839, 27, 7, 988, 651, 'Marzo'),
(840, 27, 8, 988, 651, 'Marzo'),
(841, 27, 9, 995, 664, 'Marzo'),
(842, 27, 10, 988, 651, 'Marzo'),
(843, 27, 11, 988, 651, 'Marzo'),
(844, 27, 12, 988, 651, 'Marzo'),
(845, 27, 13, 988, 651, 'Marzo'),
(846, 27, 14, 988, 651, 'Marzo'),
(847, 27, 15, 988, 651, 'Marzo'),
(848, 27, 16, 988, 651, 'Marzo'),
(849, 27, 17, 988, 651, 'Marzo'),
(850, 27, 18, 988, 651, 'Marzo'),
(851, 27, 19, 988, 651, 'Marzo'),
(852, 27, 20, 988, 651, 'Marzo'),
(853, 27, 21, 988, 651, 'Marzo'),
(854, 27, 22, 988, 651, 'Marzo'),
(855, 27, 23, 988, 651, 'Marzo'),
(856, 27, 24, 988, 651, 'Marzo'),
(857, 27, 25, 988, 651, 'Marzo'),
(858, 27, 26, 988, 651, 'Marzo'),
(859, 27, 27, 988, 651, 'Marzo'),
(860, 27, 28, 988, 651, 'Marzo'),
(861, 27, 29, 988, 651, 'Marzo'),
(862, 27, 30, 988, 651, 'Marzo'),
(863, 27, 31, 988, 651, 'Marzo'),
(864, 27, 32, 988, 651, 'Marzo'),
(865, 28, 1, 1242, 641, 'Abril'),
(866, 28, 2, 1242, 641, 'Abril'),
(867, 28, 3, 1242, 641, 'Abril'),
(868, 28, 4, 1242, 641, 'Abril'),
(869, 28, 5, 1242, 641, 'Abril'),
(870, 28, 6, 1242, 641, 'Abril'),
(871, 28, 7, 1242, 641, 'Abril'),
(872, 28, 8, 1242, 641, 'Abril'),
(873, 28, 9, 1260, 672, 'Abril'),
(874, 28, 10, 1242, 641, 'Abril'),
(875, 28, 11, 1242, 641, 'Abril'),
(876, 28, 12, 1242, 641, 'Abril'),
(877, 28, 13, 1242, 641, 'Abril'),
(878, 28, 14, 1242, 641, 'Abril'),
(879, 28, 15, 1242, 641, 'Abril'),
(880, 28, 16, 1242, 641, 'Abril'),
(881, 28, 17, 1242, 641, 'Abril'),
(882, 28, 18, 1242, 641, 'Abril'),
(883, 28, 19, 1242, 641, 'Abril'),
(884, 28, 20, 1242, 641, 'Abril'),
(885, 28, 21, 1242, 641, 'Abril'),
(886, 28, 22, 1242, 641, 'Abril'),
(887, 28, 23, 1242, 641, 'Abril'),
(888, 28, 24, 1242, 641, 'Abril'),
(889, 28, 25, 1242, 641, 'Abril'),
(890, 28, 26, 1242, 641, 'Abril'),
(891, 28, 27, 1242, 641, 'Abril'),
(892, 28, 28, 1242, 641, 'Abril'),
(893, 28, 29, 1242, 641, 'Abril'),
(894, 28, 30, 1242, 641, 'Abril'),
(895, 28, 31, 1242, 641, 'Abril'),
(896, 28, 32, 1242, 641, 'Abril'),
(897, 29, 1, 1060, 630, 'Mayo'),
(898, 29, 2, 1060, 630, 'Mayo'),
(899, 29, 3, 1060, 630, 'Mayo'),
(900, 29, 4, 1060, 630, 'Mayo'),
(901, 29, 5, 1060, 630, 'Mayo'),
(902, 29, 6, 1060, 630, 'Mayo'),
(903, 29, 7, 1060, 630, 'Mayo'),
(904, 29, 8, 1060, 630, 'Mayo'),
(905, 29, 9, 1082, 651, 'Mayo'),
(906, 29, 10, 1060, 630, 'Mayo'),
(907, 29, 11, 1060, 630, 'Mayo'),
(908, 29, 12, 1060, 630, 'Mayo'),
(909, 29, 13, 1060, 630, 'Mayo'),
(910, 29, 14, 1060, 630, 'Mayo'),
(911, 29, 15, 1060, 630, 'Mayo'),
(912, 29, 16, 1060, 630, 'Mayo'),
(913, 29, 17, 1060, 630, 'Mayo'),
(914, 29, 18, 1060, 630, 'Mayo'),
(915, 29, 19, 1060, 630, 'Mayo'),
(916, 29, 20, 1060, 630, 'Mayo'),
(917, 29, 21, 1060, 630, 'Mayo'),
(918, 29, 22, 1060, 630, 'Mayo'),
(919, 29, 23, 1060, 630, 'Mayo'),
(920, 29, 24, 1060, 630, 'Mayo'),
(921, 29, 25, 1060, 630, 'Mayo'),
(922, 29, 26, 1060, 630, 'Mayo'),
(923, 29, 27, 1060, 630, 'Mayo'),
(924, 29, 28, 1060, 630, 'Mayo'),
(925, 29, 29, 1060, 630, 'Mayo'),
(926, 29, 30, 1060, 630, 'Mayo'),
(927, 29, 31, 1060, 630, 'Mayo'),
(928, 29, 32, 1060, 630, 'Mayo'),
(929, 30, 1, 950, 852, 'Junio'),
(930, 30, 2, 950, 852, 'Junio'),
(931, 30, 3, 950, 852, 'Junio'),
(932, 30, 4, 950, 852, 'Junio'),
(933, 30, 5, 950, 852, 'Junio'),
(934, 30, 6, 950, 852, 'Junio'),
(935, 30, 7, 950, 852, 'Junio'),
(936, 30, 8, 950, 852, 'Junio'),
(937, 30, 9, 972, 866, 'Junio'),
(938, 30, 10, 950, 852, 'Junio'),
(939, 30, 11, 950, 852, 'Junio'),
(940, 30, 12, 950, 852, 'Junio'),
(941, 30, 13, 950, 852, 'Junio'),
(942, 30, 14, 950, 852, 'Junio'),
(943, 30, 15, 950, 852, 'Junio'),
(944, 30, 16, 950, 852, 'Junio'),
(945, 30, 17, 950, 852, 'Junio'),
(946, 30, 18, 950, 852, 'Junio'),
(947, 30, 19, 950, 852, 'Junio'),
(948, 30, 20, 950, 852, 'Junio'),
(949, 30, 21, 950, 852, 'Junio'),
(950, 30, 22, 950, 852, 'Junio'),
(951, 30, 23, 950, 852, 'Junio'),
(952, 30, 24, 950, 852, 'Junio'),
(953, 30, 25, 950, 852, 'Junio'),
(954, 30, 26, 950, 852, 'Junio'),
(955, 30, 27, 950, 852, 'Junio'),
(956, 30, 28, 950, 852, 'Junio'),
(957, 30, 29, 950, 852, 'Junio'),
(958, 30, 30, 950, 852, 'Junio'),
(959, 30, 31, 950, 852, 'Junio'),
(960, 30, 32, 950, 852, 'Junio'),
(961, 31, 1, 946, 745, 'Julio'),
(962, 31, 2, 946, 745, 'Julio'),
(963, 31, 3, 946, 745, 'Julio'),
(964, 31, 4, 946, 745, 'Julio'),
(965, 31, 5, 946, 745, 'Julio'),
(966, 31, 6, 946, 745, 'Julio'),
(967, 31, 7, 946, 745, 'Julio'),
(968, 31, 8, 946, 745, 'Julio'),
(969, 31, 9, 959, 750, 'Julio'),
(970, 31, 10, 946, 745, 'Julio'),
(971, 31, 11, 946, 745, 'Julio'),
(972, 31, 12, 946, 745, 'Julio'),
(973, 31, 13, 946, 745, 'Julio'),
(974, 31, 14, 946, 745, 'Julio'),
(975, 31, 15, 946, 745, 'Julio'),
(976, 31, 16, 946, 745, 'Julio'),
(977, 31, 17, 946, 745, 'Julio'),
(978, 31, 18, 946, 745, 'Julio'),
(979, 31, 19, 946, 745, 'Julio'),
(980, 31, 20, 946, 745, 'Julio'),
(981, 31, 21, 946, 745, 'Julio'),
(982, 31, 22, 946, 745, 'Julio'),
(983, 31, 23, 946, 745, 'Julio'),
(984, 31, 24, 946, 745, 'Julio'),
(985, 31, 25, 946, 745, 'Julio'),
(986, 31, 26, 946, 745, 'Julio'),
(987, 31, 27, 946, 745, 'Julio'),
(988, 31, 28, 946, 745, 'Julio'),
(989, 31, 29, 946, 745, 'Julio'),
(990, 31, 30, 946, 745, 'Julio'),
(991, 31, 31, 946, 745, 'Julio'),
(992, 31, 32, 946, 745, 'Julio'),
(993, 32, 1, 942, 793, 'Agosto'),
(994, 32, 2, 942, 793, 'Agosto'),
(995, 32, 3, 942, 793, 'Agosto'),
(996, 32, 4, 942, 793, 'Agosto'),
(997, 32, 5, 942, 793, 'Agosto'),
(998, 32, 6, 942, 793, 'Agosto'),
(999, 32, 7, 942, 793, 'Agosto'),
(1000, 32, 8, 942, 793, 'Agosto'),
(1001, 32, 9, 958, 809, 'Agosto'),
(1002, 32, 10, 942, 793, 'Agosto'),
(1003, 32, 11, 942, 793, 'Agosto'),
(1004, 32, 12, 942, 793, 'Agosto'),
(1005, 32, 13, 942, 793, 'Agosto'),
(1006, 32, 14, 942, 793, 'Agosto'),
(1007, 32, 15, 942, 793, 'Agosto'),
(1008, 32, 16, 942, 793, 'Agosto'),
(1009, 32, 17, 942, 793, 'Agosto'),
(1010, 32, 18, 942, 793, 'Agosto'),
(1011, 32, 19, 942, 793, 'Agosto'),
(1012, 32, 20, 942, 793, 'Agosto'),
(1013, 32, 21, 942, 793, 'Agosto'),
(1014, 32, 22, 942, 793, 'Agosto'),
(1015, 32, 23, 942, 793, 'Agosto'),
(1016, 32, 24, 942, 793, 'Agosto'),
(1017, 32, 25, 942, 793, 'Agosto'),
(1018, 32, 26, 942, 793, 'Agosto'),
(1019, 32, 27, 942, 793, 'Agosto'),
(1020, 32, 28, 942, 793, 'Agosto'),
(1021, 32, 29, 942, 793, 'Agosto'),
(1022, 32, 30, 942, 793, 'Agosto'),
(1023, 32, 31, 942, 793, 'Agosto'),
(1024, 32, 32, 942, 793, 'Agosto'),
(1025, 33, 1, 1248, 857, 'Septiembre'),
(1026, 33, 2, 1248, 857, 'Septiembre'),
(1027, 33, 3, 1248, 857, 'Septiembre'),
(1028, 33, 4, 1248, 857, 'Septiembre'),
(1029, 33, 5, 1248, 857, 'Septiembre'),
(1030, 33, 6, 1248, 857, 'Septiembre'),
(1031, 33, 7, 1248, 857, 'Septiembre'),
(1032, 33, 8, 1248, 857, 'Septiembre'),
(1033, 33, 9, 1255, 860, 'Septiembre'),
(1034, 33, 10, 1248, 857, 'Septiembre'),
(1035, 33, 11, 1248, 857, 'Septiembre'),
(1036, 33, 12, 1248, 857, 'Septiembre'),
(1037, 33, 13, 1248, 857, 'Septiembre'),
(1038, 33, 14, 1248, 857, 'Septiembre'),
(1039, 33, 15, 1248, 857, 'Septiembre'),
(1040, 33, 16, 1248, 857, 'Septiembre'),
(1041, 33, 17, 1248, 857, 'Septiembre'),
(1042, 33, 18, 1248, 857, 'Septiembre'),
(1043, 33, 19, 1248, 857, 'Septiembre'),
(1044, 33, 20, 1248, 857, 'Septiembre'),
(1045, 33, 21, 1248, 857, 'Septiembre'),
(1046, 33, 22, 1248, 857, 'Septiembre'),
(1047, 33, 23, 1248, 857, 'Septiembre'),
(1048, 33, 24, 1248, 857, 'Septiembre'),
(1049, 33, 25, 1248, 857, 'Septiembre'),
(1050, 33, 26, 1248, 857, 'Septiembre'),
(1051, 33, 27, 1248, 857, 'Septiembre'),
(1052, 33, 28, 1248, 857, 'Septiembre'),
(1053, 33, 29, 1248, 857, 'Septiembre'),
(1054, 33, 30, 1248, 857, 'Septiembre'),
(1055, 33, 31, 1248, 857, 'Septiembre'),
(1056, 33, 32, 1248, 857, 'Septiembre'),
(1057, 34, 1, 1226, 779, 'Octubre'),
(1058, 34, 2, 1226, 779, 'Octubre'),
(1059, 34, 3, 1226, 779, 'Octubre'),
(1060, 34, 4, 1226, 779, 'Octubre'),
(1061, 34, 5, 1226, 779, 'Octubre'),
(1062, 34, 6, 1226, 779, 'Octubre'),
(1063, 34, 7, 1226, 779, 'Octubre'),
(1064, 34, 8, 1226, 779, 'Octubre'),
(1065, 34, 9, 1232, 809, 'Octubre'),
(1066, 34, 10, 1226, 779, 'Octubre'),
(1067, 34, 11, 1226, 779, 'Octubre'),
(1068, 34, 12, 1226, 779, 'Octubre'),
(1069, 34, 13, 1226, 779, 'Octubre'),
(1070, 34, 14, 1226, 779, 'Octubre'),
(1071, 34, 15, 1226, 779, 'Octubre'),
(1072, 34, 16, 1226, 779, 'Octubre'),
(1073, 34, 17, 1226, 779, 'Octubre'),
(1074, 34, 18, 1226, 779, 'Octubre'),
(1075, 34, 19, 1226, 779, 'Octubre'),
(1076, 34, 20, 1226, 779, 'Octubre'),
(1077, 34, 21, 1226, 779, 'Octubre'),
(1078, 34, 22, 1226, 779, 'Octubre'),
(1079, 34, 23, 1226, 779, 'Octubre'),
(1080, 34, 24, 1226, 779, 'Octubre'),
(1081, 34, 25, 1226, 779, 'Octubre'),
(1082, 34, 26, 1226, 779, 'Octubre'),
(1083, 34, 27, 1226, 779, 'Octubre'),
(1084, 34, 28, 1226, 779, 'Octubre'),
(1085, 34, 29, 1226, 779, 'Octubre'),
(1086, 34, 30, 1226, 779, 'Octubre'),
(1087, 34, 31, 1226, 779, 'Octubre'),
(1088, 34, 32, 1226, 779, 'Octubre'),
(1089, 35, 1, 1136, 703, 'Noviembre'),
(1090, 35, 2, 1136, 703, 'Noviembre'),
(1091, 35, 3, 1136, 703, 'Noviembre'),
(1092, 35, 4, 1136, 703, 'Noviembre'),
(1093, 35, 5, 1136, 703, 'Noviembre'),
(1094, 35, 6, 1136, 703, 'Noviembre'),
(1095, 35, 7, 1136, 703, 'Noviembre'),
(1096, 35, 8, 1136, 703, 'Noviembre'),
(1097, 35, 9, 1146, 716, 'Noviembre'),
(1098, 35, 10, 1136, 703, 'Noviembre'),
(1099, 35, 11, 1136, 703, 'Noviembre'),
(1100, 35, 12, 1136, 703, 'Noviembre'),
(1101, 35, 13, 1136, 703, 'Noviembre'),
(1102, 35, 14, 1136, 703, 'Noviembre'),
(1103, 35, 15, 1136, 703, 'Noviembre'),
(1104, 35, 16, 1136, 703, 'Noviembre'),
(1105, 35, 17, 1136, 703, 'Noviembre'),
(1106, 35, 18, 1136, 703, 'Noviembre'),
(1107, 35, 19, 1136, 703, 'Noviembre'),
(1108, 35, 20, 1136, 703, 'Noviembre'),
(1109, 35, 21, 1136, 703, 'Noviembre'),
(1110, 35, 22, 1136, 703, 'Noviembre'),
(1111, 35, 23, 1136, 703, 'Noviembre'),
(1112, 35, 24, 1136, 703, 'Noviembre'),
(1113, 35, 25, 1136, 703, 'Noviembre'),
(1114, 35, 26, 1136, 703, 'Noviembre'),
(1115, 35, 27, 1136, 703, 'Noviembre'),
(1116, 35, 28, 1136, 703, 'Noviembre'),
(1117, 35, 29, 1136, 703, 'Noviembre'),
(1118, 35, 30, 1136, 703, 'Noviembre'),
(1119, 35, 31, 1136, 703, 'Noviembre'),
(1120, 35, 32, 1136, 703, 'Noviembre'),
(1121, 36, 1, 1065, 802, 'Diciembre'),
(1122, 36, 2, 1065, 802, 'Diciembre'),
(1123, 36, 3, 1065, 802, 'Diciembre'),
(1124, 36, 4, 1065, 802, 'Diciembre'),
(1125, 36, 5, 1065, 802, 'Diciembre'),
(1126, 36, 6, 1065, 802, 'Diciembre'),
(1127, 36, 7, 1065, 802, 'Diciembre'),
(1128, 36, 8, 1065, 802, 'Diciembre'),
(1129, 36, 9, 1083, 811, 'Diciembre'),
(1130, 36, 10, 1065, 802, 'Diciembre'),
(1131, 36, 11, 1065, 802, 'Diciembre'),
(1132, 36, 12, 1065, 802, 'Diciembre'),
(1133, 36, 13, 1065, 802, 'Diciembre'),
(1134, 36, 14, 1065, 802, 'Diciembre'),
(1135, 36, 15, 1065, 802, 'Diciembre'),
(1136, 36, 16, 1065, 802, 'Diciembre'),
(1137, 36, 17, 1065, 802, 'Diciembre'),
(1138, 36, 18, 1065, 802, 'Diciembre'),
(1139, 36, 19, 1065, 802, 'Diciembre'),
(1140, 36, 20, 1065, 802, 'Diciembre'),
(1141, 36, 21, 1065, 802, 'Diciembre'),
(1142, 36, 22, 1065, 802, 'Diciembre'),
(1143, 36, 23, 1065, 802, 'Diciembre'),
(1144, 36, 24, 1065, 802, 'Diciembre'),
(1145, 36, 25, 1065, 802, 'Diciembre'),
(1146, 36, 26, 1065, 802, 'Diciembre'),
(1147, 36, 27, 1065, 802, 'Diciembre'),
(1148, 36, 28, 1065, 802, 'Diciembre'),
(1149, 36, 29, 1065, 802, 'Diciembre'),
(1150, 36, 30, 1065, 802, 'Diciembre'),
(1151, 36, 31, 1065, 802, 'Diciembre'),
(1152, 36, 32, 1065, 802, 'Diciembre'),
(1153, 37, 1, 981, 776, 'Enero'),
(1154, 37, 2, 981, 776, 'Enero'),
(1155, 37, 3, 981, 776, 'Enero'),
(1156, 37, 4, 981, 776, 'Enero'),
(1157, 37, 5, 981, 776, 'Enero'),
(1158, 37, 6, 981, 776, 'Enero'),
(1159, 37, 7, 981, 776, 'Enero'),
(1160, 37, 8, 981, 776, 'Enero'),
(1161, 37, 9, 991, 782, 'Enero'),
(1162, 37, 10, 981, 776, 'Enero'),
(1163, 37, 11, 981, 776, 'Enero'),
(1164, 37, 12, 981, 776, 'Enero'),
(1165, 37, 13, 981, 776, 'Enero'),
(1166, 37, 14, 981, 776, 'Enero'),
(1167, 37, 15, 981, 776, 'Enero'),
(1168, 37, 16, 981, 776, 'Enero'),
(1169, 37, 17, 981, 776, 'Enero'),
(1170, 37, 18, 981, 776, 'Enero'),
(1171, 37, 19, 981, 776, 'Enero'),
(1172, 37, 20, 981, 776, 'Enero'),
(1173, 37, 21, 981, 776, 'Enero'),
(1174, 37, 22, 981, 776, 'Enero'),
(1175, 37, 23, 981, 776, 'Enero'),
(1176, 37, 24, 981, 776, 'Enero'),
(1177, 37, 25, 981, 776, 'Enero'),
(1178, 37, 26, 981, 776, 'Enero'),
(1179, 37, 27, 981, 776, 'Enero'),
(1180, 37, 28, 981, 776, 'Enero'),
(1181, 37, 29, 981, 776, 'Enero'),
(1182, 37, 30, 981, 776, 'Enero'),
(1183, 37, 31, 981, 776, 'Enero'),
(1184, 37, 32, 981, 776, 'Enero'),
(1185, 38, 1, 1084, 849, 'Febrero'),
(1186, 38, 2, 1084, 849, 'Febrero'),
(1187, 38, 3, 1084, 849, 'Febrero'),
(1188, 38, 4, 1084, 849, 'Febrero'),
(1189, 38, 5, 1084, 849, 'Febrero'),
(1190, 38, 6, 1084, 849, 'Febrero'),
(1191, 38, 7, 1084, 849, 'Febrero'),
(1192, 38, 8, 1084, 849, 'Febrero'),
(1193, 38, 9, 1114, 852, 'Febrero'),
(1194, 38, 10, 1084, 849, 'Febrero'),
(1195, 38, 11, 1084, 849, 'Febrero'),
(1196, 38, 12, 1084, 849, 'Febrero'),
(1197, 38, 13, 1084, 849, 'Febrero'),
(1198, 38, 14, 1084, 849, 'Febrero'),
(1199, 38, 15, 1084, 849, 'Febrero'),
(1200, 38, 16, 1084, 849, 'Febrero'),
(1201, 38, 17, 1084, 849, 'Febrero'),
(1202, 38, 18, 1084, 849, 'Febrero'),
(1203, 38, 19, 1084, 849, 'Febrero'),
(1204, 38, 20, 1084, 849, 'Febrero'),
(1205, 38, 21, 1084, 849, 'Febrero'),
(1206, 38, 22, 1084, 849, 'Febrero'),
(1207, 38, 23, 1084, 849, 'Febrero'),
(1208, 38, 24, 1084, 849, 'Febrero'),
(1209, 38, 25, 1084, 849, 'Febrero'),
(1210, 38, 26, 1084, 849, 'Febrero'),
(1211, 38, 27, 1084, 849, 'Febrero'),
(1212, 38, 28, 1084, 849, 'Febrero'),
(1213, 38, 29, 1084, 849, 'Febrero'),
(1214, 38, 30, 1084, 849, 'Febrero'),
(1215, 38, 31, 1084, 849, 'Febrero'),
(1216, 38, 32, 1084, 849, 'Febrero'),
(1217, 39, 1, 1230, 791, 'Marzo'),
(1218, 39, 2, 1230, 791, 'Marzo'),
(1219, 39, 3, 1230, 791, 'Marzo'),
(1220, 39, 4, 1230, 791, 'Marzo'),
(1221, 39, 5, 1230, 791, 'Marzo'),
(1222, 39, 6, 1230, 791, 'Marzo'),
(1223, 39, 7, 1230, 791, 'Marzo'),
(1224, 39, 8, 1230, 791, 'Marzo'),
(1225, 39, 9, 1254, 822, 'Marzo'),
(1226, 39, 10, 1230, 791, 'Marzo'),
(1227, 39, 11, 1230, 791, 'Marzo'),
(1228, 39, 12, 1230, 791, 'Marzo'),
(1229, 39, 13, 1230, 791, 'Marzo'),
(1230, 39, 14, 1230, 791, 'Marzo'),
(1231, 39, 15, 1230, 791, 'Marzo'),
(1232, 39, 16, 1230, 791, 'Marzo'),
(1233, 39, 17, 1230, 791, 'Marzo'),
(1234, 39, 18, 1230, 791, 'Marzo'),
(1235, 39, 19, 1230, 791, 'Marzo'),
(1236, 39, 20, 1230, 791, 'Marzo'),
(1237, 39, 21, 1230, 791, 'Marzo'),
(1238, 39, 22, 1230, 791, 'Marzo'),
(1239, 39, 23, 1230, 791, 'Marzo'),
(1240, 39, 24, 1230, 791, 'Marzo'),
(1241, 39, 25, 1230, 791, 'Marzo'),
(1242, 39, 26, 1230, 791, 'Marzo'),
(1243, 39, 27, 1230, 791, 'Marzo'),
(1244, 39, 28, 1230, 791, 'Marzo'),
(1245, 39, 29, 1230, 791, 'Marzo'),
(1246, 39, 30, 1230, 791, 'Marzo'),
(1247, 39, 31, 1230, 791, 'Marzo'),
(1248, 39, 32, 1230, 791, 'Marzo'),
(1249, 40, 1, 1023, 787, 'Abril'),
(1250, 40, 2, 1023, 787, 'Abril'),
(1251, 40, 3, 1023, 787, 'Abril'),
(1252, 40, 4, 1023, 787, 'Abril'),
(1253, 40, 5, 1023, 787, 'Abril'),
(1254, 40, 6, 1023, 787, 'Abril'),
(1255, 40, 7, 1023, 787, 'Abril'),
(1256, 40, 8, 1023, 787, 'Abril'),
(1257, 40, 9, 1052, 804, 'Abril'),
(1258, 40, 10, 1023, 787, 'Abril'),
(1259, 40, 11, 1023, 787, 'Abril'),
(1260, 40, 12, 1023, 787, 'Abril'),
(1261, 40, 13, 1023, 787, 'Abril'),
(1262, 40, 14, 1023, 787, 'Abril'),
(1263, 40, 15, 1023, 787, 'Abril'),
(1264, 40, 16, 1023, 787, 'Abril'),
(1265, 40, 17, 1023, 787, 'Abril'),
(1266, 40, 18, 1023, 787, 'Abril'),
(1267, 40, 19, 1023, 787, 'Abril'),
(1268, 40, 20, 1023, 787, 'Abril'),
(1269, 40, 21, 1023, 787, 'Abril'),
(1270, 40, 22, 1023, 787, 'Abril'),
(1271, 40, 23, 1023, 787, 'Abril'),
(1272, 40, 24, 1023, 787, 'Abril'),
(1273, 40, 25, 1023, 787, 'Abril'),
(1274, 40, 26, 1023, 787, 'Abril'),
(1275, 40, 27, 1023, 787, 'Abril'),
(1276, 40, 28, 1023, 787, 'Abril'),
(1277, 40, 29, 1023, 787, 'Abril'),
(1278, 40, 30, 1023, 787, 'Abril'),
(1279, 40, 31, 1023, 787, 'Abril'),
(1280, 40, 32, 1023, 787, 'Abril'),
(1281, 41, 1, 1114, 686, 'Mayo'),
(1282, 41, 2, 1114, 686, 'Mayo'),
(1283, 41, 3, 1114, 686, 'Mayo'),
(1284, 41, 4, 1114, 686, 'Mayo'),
(1285, 41, 5, 1114, 686, 'Mayo'),
(1286, 41, 6, 1114, 686, 'Mayo'),
(1287, 41, 7, 1114, 686, 'Mayo'),
(1288, 41, 8, 1114, 686, 'Mayo'),
(1289, 41, 9, 1143, 711, 'Mayo'),
(1290, 41, 10, 1114, 686, 'Mayo'),
(1291, 41, 11, 1114, 686, 'Mayo'),
(1292, 41, 12, 1114, 686, 'Mayo'),
(1293, 41, 13, 1114, 686, 'Mayo'),
(1294, 41, 14, 1114, 686, 'Mayo'),
(1295, 41, 15, 1114, 686, 'Mayo'),
(1296, 41, 16, 1114, 686, 'Mayo'),
(1297, 41, 17, 1114, 686, 'Mayo'),
(1298, 41, 18, 1114, 686, 'Mayo'),
(1299, 41, 19, 1114, 686, 'Mayo'),
(1300, 41, 20, 1114, 686, 'Mayo'),
(1301, 41, 21, 1114, 686, 'Mayo'),
(1302, 41, 22, 1114, 686, 'Mayo'),
(1303, 41, 23, 1114, 686, 'Mayo'),
(1304, 41, 24, 1114, 686, 'Mayo'),
(1305, 41, 25, 1114, 686, 'Mayo'),
(1306, 41, 26, 1114, 686, 'Mayo'),
(1307, 41, 27, 1114, 686, 'Mayo'),
(1308, 41, 28, 1114, 686, 'Mayo'),
(1309, 41, 29, 1114, 686, 'Mayo'),
(1310, 41, 30, 1114, 686, 'Mayo'),
(1311, 41, 31, 1114, 686, 'Mayo'),
(1312, 41, 32, 1114, 686, 'Mayo'),
(1313, 42, 1, 940, 696, 'Junio'),
(1314, 42, 2, 940, 696, 'Junio'),
(1315, 42, 3, 940, 696, 'Junio'),
(1316, 42, 4, 940, 696, 'Junio'),
(1317, 42, 5, 940, 696, 'Junio'),
(1318, 42, 6, 940, 696, 'Junio'),
(1319, 42, 7, 940, 696, 'Junio'),
(1320, 42, 8, 940, 696, 'Junio'),
(1321, 42, 9, 947, 707, 'Junio'),
(1322, 42, 10, 940, 696, 'Junio'),
(1323, 42, 11, 940, 696, 'Junio'),
(1324, 42, 12, 940, 696, 'Junio'),
(1325, 42, 13, 940, 696, 'Junio'),
(1326, 42, 14, 940, 696, 'Junio'),
(1327, 42, 15, 940, 696, 'Junio'),
(1328, 42, 16, 940, 696, 'Junio'),
(1329, 42, 17, 940, 696, 'Junio'),
(1330, 42, 18, 940, 696, 'Junio'),
(1331, 42, 19, 940, 696, 'Junio'),
(1332, 42, 20, 940, 696, 'Junio'),
(1333, 42, 21, 940, 696, 'Junio'),
(1334, 42, 22, 940, 696, 'Junio'),
(1335, 42, 23, 940, 696, 'Junio'),
(1336, 42, 24, 940, 696, 'Junio'),
(1337, 42, 25, 940, 696, 'Junio'),
(1338, 42, 26, 940, 696, 'Junio'),
(1339, 42, 27, 940, 696, 'Junio'),
(1340, 42, 28, 940, 696, 'Junio'),
(1341, 42, 29, 940, 696, 'Junio'),
(1342, 42, 30, 940, 696, 'Junio'),
(1343, 42, 31, 940, 696, 'Junio'),
(1344, 42, 32, 940, 696, 'Junio'),
(1345, 43, 1, 1043, 796, 'Julio'),
(1346, 43, 2, 1043, 796, 'Julio'),
(1347, 43, 3, 1043, 796, 'Julio'),
(1348, 43, 4, 1043, 796, 'Julio'),
(1349, 43, 5, 1043, 796, 'Julio'),
(1350, 43, 6, 1043, 796, 'Julio'),
(1351, 43, 7, 1043, 796, 'Julio'),
(1352, 43, 8, 1043, 796, 'Julio'),
(1353, 43, 9, 1072, 809, 'Julio'),
(1354, 43, 10, 1043, 796, 'Julio'),
(1355, 43, 11, 1043, 796, 'Julio'),
(1356, 43, 12, 1043, 796, 'Julio'),
(1357, 43, 13, 1043, 796, 'Julio'),
(1358, 43, 14, 1043, 796, 'Julio'),
(1359, 43, 15, 1043, 796, 'Julio'),
(1360, 43, 16, 1043, 796, 'Julio'),
(1361, 43, 17, 1043, 796, 'Julio'),
(1362, 43, 18, 1043, 796, 'Julio'),
(1363, 43, 19, 1043, 796, 'Julio'),
(1364, 43, 20, 1043, 796, 'Julio'),
(1365, 43, 21, 1043, 796, 'Julio'),
(1366, 43, 22, 1043, 796, 'Julio'),
(1367, 43, 23, 1043, 796, 'Julio'),
(1368, 43, 24, 1043, 796, 'Julio'),
(1369, 43, 25, 1043, 796, 'Julio'),
(1370, 43, 26, 1043, 796, 'Julio'),
(1371, 43, 27, 1043, 796, 'Julio'),
(1372, 43, 28, 1043, 796, 'Julio'),
(1373, 43, 29, 1043, 796, 'Julio'),
(1374, 43, 30, 1043, 796, 'Julio'),
(1375, 43, 31, 1043, 796, 'Julio'),
(1376, 43, 32, 1043, 796, 'Julio'),
(1377, 44, 1, 1148, 768, 'Agosto'),
(1378, 44, 2, 1148, 768, 'Agosto'),
(1379, 44, 3, 1148, 768, 'Agosto'),
(1380, 44, 4, 1148, 768, 'Agosto'),
(1381, 44, 5, 1148, 768, 'Agosto'),
(1382, 44, 6, 1148, 768, 'Agosto'),
(1383, 44, 7, 1148, 768, 'Agosto'),
(1384, 44, 8, 1148, 768, 'Agosto'),
(1385, 44, 9, 1176, 769, 'Agosto'),
(1386, 44, 10, 1148, 768, 'Agosto'),
(1387, 44, 11, 1148, 768, 'Agosto'),
(1388, 44, 12, 1148, 768, 'Agosto'),
(1389, 44, 13, 1148, 768, 'Agosto'),
(1390, 44, 14, 1148, 768, 'Agosto'),
(1391, 44, 15, 1148, 768, 'Agosto'),
(1392, 44, 16, 1148, 768, 'Agosto'),
(1393, 44, 17, 1148, 768, 'Agosto'),
(1394, 44, 18, 1148, 768, 'Agosto'),
(1395, 44, 19, 1148, 768, 'Agosto'),
(1396, 44, 20, 1148, 768, 'Agosto'),
(1397, 44, 21, 1148, 768, 'Agosto'),
(1398, 44, 22, 1148, 768, 'Agosto'),
(1399, 44, 23, 1148, 768, 'Agosto'),
(1400, 44, 24, 1148, 768, 'Agosto'),
(1401, 44, 25, 1148, 768, 'Agosto'),
(1402, 44, 26, 1148, 768, 'Agosto'),
(1403, 44, 27, 1148, 768, 'Agosto'),
(1404, 44, 28, 1148, 768, 'Agosto'),
(1405, 44, 29, 1148, 768, 'Agosto'),
(1406, 44, 30, 1148, 768, 'Agosto'),
(1407, 44, 31, 1148, 768, 'Agosto'),
(1408, 44, 32, 1148, 768, 'Agosto'),
(1409, 45, 1, 1050, 825, 'Septiembre'),
(1410, 45, 2, 1050, 825, 'Septiembre'),
(1411, 45, 3, 1050, 825, 'Septiembre'),
(1412, 45, 4, 1050, 825, 'Septiembre'),
(1413, 45, 5, 1050, 825, 'Septiembre'),
(1414, 45, 6, 1050, 825, 'Septiembre'),
(1415, 45, 7, 1050, 825, 'Septiembre'),
(1416, 45, 8, 1050, 825, 'Septiembre'),
(1417, 45, 9, 1058, 854, 'Septiembre'),
(1418, 45, 10, 1050, 825, 'Septiembre'),
(1419, 45, 11, 1050, 825, 'Septiembre'),
(1420, 45, 12, 1050, 825, 'Septiembre'),
(1421, 45, 13, 1050, 825, 'Septiembre'),
(1422, 45, 14, 1050, 825, 'Septiembre'),
(1423, 45, 15, 1050, 825, 'Septiembre'),
(1424, 45, 16, 1050, 825, 'Septiembre'),
(1425, 45, 17, 1050, 825, 'Septiembre'),
(1426, 45, 18, 1050, 825, 'Septiembre'),
(1427, 45, 19, 1050, 825, 'Septiembre'),
(1428, 45, 20, 1050, 825, 'Septiembre'),
(1429, 45, 21, 1050, 825, 'Septiembre'),
(1430, 45, 22, 1050, 825, 'Septiembre'),
(1431, 45, 23, 1050, 825, 'Septiembre'),
(1432, 45, 24, 1050, 825, 'Septiembre'),
(1433, 45, 25, 1050, 825, 'Septiembre'),
(1434, 45, 26, 1050, 825, 'Septiembre'),
(1435, 45, 27, 1050, 825, 'Septiembre'),
(1436, 45, 28, 1050, 825, 'Septiembre'),
(1437, 45, 29, 1050, 825, 'Septiembre'),
(1438, 45, 30, 1050, 825, 'Septiembre'),
(1439, 45, 31, 1050, 825, 'Septiembre'),
(1440, 45, 32, 1050, 825, 'Septiembre'),
(1441, 46, 1, 1179, 700, 'Octubre'),
(1442, 46, 2, 1179, 700, 'Octubre'),
(1443, 46, 3, 1179, 700, 'Octubre'),
(1444, 46, 4, 1179, 700, 'Octubre'),
(1445, 46, 5, 1179, 700, 'Octubre'),
(1446, 46, 6, 1179, 700, 'Octubre'),
(1447, 46, 7, 1179, 700, 'Octubre'),
(1448, 46, 8, 1179, 700, 'Octubre'),
(1449, 46, 9, 1199, 715, 'Octubre'),
(1450, 46, 10, 1179, 700, 'Octubre'),
(1451, 46, 11, 1179, 700, 'Octubre'),
(1452, 46, 12, 1179, 700, 'Octubre'),
(1453, 46, 13, 1179, 700, 'Octubre'),
(1454, 46, 14, 1179, 700, 'Octubre'),
(1455, 46, 15, 1179, 700, 'Octubre'),
(1456, 46, 16, 1179, 700, 'Octubre'),
(1457, 46, 17, 1179, 700, 'Octubre'),
(1458, 46, 18, 1179, 700, 'Octubre'),
(1459, 46, 19, 1179, 700, 'Octubre'),
(1460, 46, 20, 1179, 700, 'Octubre'),
(1461, 46, 21, 1179, 700, 'Octubre'),
(1462, 46, 22, 1179, 700, 'Octubre'),
(1463, 46, 23, 1179, 700, 'Octubre'),
(1464, 46, 24, 1179, 700, 'Octubre'),
(1465, 46, 25, 1179, 700, 'Octubre'),
(1466, 46, 26, 1179, 700, 'Octubre'),
(1467, 46, 27, 1179, 700, 'Octubre'),
(1468, 46, 28, 1179, 700, 'Octubre'),
(1469, 46, 29, 1179, 700, 'Octubre'),
(1470, 46, 30, 1179, 700, 'Octubre'),
(1471, 46, 31, 1179, 700, 'Octubre');
INSERT INTO `hechos_abandono_estatal` (`id_hecho`, `fk_tiempo`, `fk_estado`, `total_perros`, `total_gatos`, `nombre_mes`) VALUES
(1472, 46, 32, 1179, 700, 'Octubre'),
(1473, 47, 1, 1184, 649, 'Noviembre'),
(1474, 47, 2, 1184, 649, 'Noviembre'),
(1475, 47, 3, 1184, 649, 'Noviembre'),
(1476, 47, 4, 1184, 649, 'Noviembre'),
(1477, 47, 5, 1184, 649, 'Noviembre'),
(1478, 47, 6, 1184, 649, 'Noviembre'),
(1479, 47, 7, 1184, 649, 'Noviembre'),
(1480, 47, 8, 1184, 649, 'Noviembre'),
(1481, 47, 9, 1211, 668, 'Noviembre'),
(1482, 47, 10, 1184, 649, 'Noviembre'),
(1483, 47, 11, 1184, 649, 'Noviembre'),
(1484, 47, 12, 1184, 649, 'Noviembre'),
(1485, 47, 13, 1184, 649, 'Noviembre'),
(1486, 47, 14, 1184, 649, 'Noviembre'),
(1487, 47, 15, 1184, 649, 'Noviembre'),
(1488, 47, 16, 1184, 649, 'Noviembre'),
(1489, 47, 17, 1184, 649, 'Noviembre'),
(1490, 47, 18, 1184, 649, 'Noviembre'),
(1491, 47, 19, 1184, 649, 'Noviembre'),
(1492, 47, 20, 1184, 649, 'Noviembre'),
(1493, 47, 21, 1184, 649, 'Noviembre'),
(1494, 47, 22, 1184, 649, 'Noviembre'),
(1495, 47, 23, 1184, 649, 'Noviembre'),
(1496, 47, 24, 1184, 649, 'Noviembre'),
(1497, 47, 25, 1184, 649, 'Noviembre'),
(1498, 47, 26, 1184, 649, 'Noviembre'),
(1499, 47, 27, 1184, 649, 'Noviembre'),
(1500, 47, 28, 1184, 649, 'Noviembre'),
(1501, 47, 29, 1184, 649, 'Noviembre'),
(1502, 47, 30, 1184, 649, 'Noviembre'),
(1503, 47, 31, 1184, 649, 'Noviembre'),
(1504, 47, 32, 1184, 649, 'Noviembre'),
(1505, 48, 1, 1135, 771, 'Diciembre'),
(1506, 48, 2, 1135, 771, 'Diciembre'),
(1507, 48, 3, 1135, 771, 'Diciembre'),
(1508, 48, 4, 1135, 771, 'Diciembre'),
(1509, 48, 5, 1135, 771, 'Diciembre'),
(1510, 48, 6, 1135, 771, 'Diciembre'),
(1511, 48, 7, 1135, 771, 'Diciembre'),
(1512, 48, 8, 1135, 771, 'Diciembre'),
(1513, 48, 9, 1148, 791, 'Diciembre'),
(1514, 48, 10, 1135, 771, 'Diciembre'),
(1515, 48, 11, 1135, 771, 'Diciembre'),
(1516, 48, 12, 1135, 771, 'Diciembre'),
(1517, 48, 13, 1135, 771, 'Diciembre'),
(1518, 48, 14, 1135, 771, 'Diciembre'),
(1519, 48, 15, 1135, 771, 'Diciembre'),
(1520, 48, 16, 1135, 771, 'Diciembre'),
(1521, 48, 17, 1135, 771, 'Diciembre'),
(1522, 48, 18, 1135, 771, 'Diciembre'),
(1523, 48, 19, 1135, 771, 'Diciembre'),
(1524, 48, 20, 1135, 771, 'Diciembre'),
(1525, 48, 21, 1135, 771, 'Diciembre'),
(1526, 48, 22, 1135, 771, 'Diciembre'),
(1527, 48, 23, 1135, 771, 'Diciembre'),
(1528, 48, 24, 1135, 771, 'Diciembre'),
(1529, 48, 25, 1135, 771, 'Diciembre'),
(1530, 48, 26, 1135, 771, 'Diciembre'),
(1531, 48, 27, 1135, 771, 'Diciembre'),
(1532, 48, 28, 1135, 771, 'Diciembre'),
(1533, 48, 29, 1135, 771, 'Diciembre'),
(1534, 48, 30, 1135, 771, 'Diciembre'),
(1535, 48, 31, 1135, 771, 'Diciembre'),
(1536, 48, 32, 1135, 771, 'Diciembre'),
(1537, 49, 1, 1185, 784, 'Enero'),
(1538, 49, 2, 1185, 784, 'Enero'),
(1539, 49, 3, 1185, 784, 'Enero'),
(1540, 49, 4, 1185, 784, 'Enero'),
(1541, 49, 5, 1185, 784, 'Enero'),
(1542, 49, 6, 1185, 784, 'Enero'),
(1543, 49, 7, 1185, 784, 'Enero'),
(1544, 49, 8, 1185, 784, 'Enero'),
(1545, 49, 9, 1186, 797, 'Enero'),
(1546, 49, 10, 1185, 784, 'Enero'),
(1547, 49, 11, 1185, 784, 'Enero'),
(1548, 49, 12, 1185, 784, 'Enero'),
(1549, 49, 13, 1185, 784, 'Enero'),
(1550, 49, 14, 1185, 784, 'Enero'),
(1551, 49, 15, 1185, 784, 'Enero'),
(1552, 49, 16, 1185, 784, 'Enero'),
(1553, 49, 17, 1185, 784, 'Enero'),
(1554, 49, 18, 1185, 784, 'Enero'),
(1555, 49, 19, 1185, 784, 'Enero'),
(1556, 49, 20, 1185, 784, 'Enero'),
(1557, 49, 21, 1185, 784, 'Enero'),
(1558, 49, 22, 1185, 784, 'Enero'),
(1559, 49, 23, 1185, 784, 'Enero'),
(1560, 49, 24, 1185, 784, 'Enero'),
(1561, 49, 25, 1185, 784, 'Enero'),
(1562, 49, 26, 1185, 784, 'Enero'),
(1563, 49, 27, 1185, 784, 'Enero'),
(1564, 49, 28, 1185, 784, 'Enero'),
(1565, 49, 29, 1185, 784, 'Enero'),
(1566, 49, 30, 1185, 784, 'Enero'),
(1567, 49, 31, 1185, 784, 'Enero'),
(1568, 49, 32, 1185, 784, 'Enero'),
(1569, 50, 1, 956, 732, 'Febrero'),
(1570, 50, 2, 956, 732, 'Febrero'),
(1571, 50, 3, 956, 732, 'Febrero'),
(1572, 50, 4, 956, 732, 'Febrero'),
(1573, 50, 5, 956, 732, 'Febrero'),
(1574, 50, 6, 956, 732, 'Febrero'),
(1575, 50, 7, 956, 732, 'Febrero'),
(1576, 50, 8, 956, 732, 'Febrero'),
(1577, 50, 9, 968, 735, 'Febrero'),
(1578, 50, 10, 956, 732, 'Febrero'),
(1579, 50, 11, 956, 732, 'Febrero'),
(1580, 50, 12, 956, 732, 'Febrero'),
(1581, 50, 13, 956, 732, 'Febrero'),
(1582, 50, 14, 956, 732, 'Febrero'),
(1583, 50, 15, 956, 732, 'Febrero'),
(1584, 50, 16, 956, 732, 'Febrero'),
(1585, 50, 17, 956, 732, 'Febrero'),
(1586, 50, 18, 956, 732, 'Febrero'),
(1587, 50, 19, 956, 732, 'Febrero'),
(1588, 50, 20, 956, 732, 'Febrero'),
(1589, 50, 21, 956, 732, 'Febrero'),
(1590, 50, 22, 956, 732, 'Febrero'),
(1591, 50, 23, 956, 732, 'Febrero'),
(1592, 50, 24, 956, 732, 'Febrero'),
(1593, 50, 25, 956, 732, 'Febrero'),
(1594, 50, 26, 956, 732, 'Febrero'),
(1595, 50, 27, 956, 732, 'Febrero'),
(1596, 50, 28, 956, 732, 'Febrero'),
(1597, 50, 29, 956, 732, 'Febrero'),
(1598, 50, 30, 956, 732, 'Febrero'),
(1599, 50, 31, 956, 732, 'Febrero'),
(1600, 50, 32, 956, 732, 'Febrero'),
(1601, 51, 1, 1226, 682, 'Marzo'),
(1602, 51, 2, 1226, 682, 'Marzo'),
(1603, 51, 3, 1226, 682, 'Marzo'),
(1604, 51, 4, 1226, 682, 'Marzo'),
(1605, 51, 5, 1226, 682, 'Marzo'),
(1606, 51, 6, 1226, 682, 'Marzo'),
(1607, 51, 7, 1226, 682, 'Marzo'),
(1608, 51, 8, 1226, 682, 'Marzo'),
(1609, 51, 9, 1253, 692, 'Marzo'),
(1610, 51, 10, 1226, 682, 'Marzo'),
(1611, 51, 11, 1226, 682, 'Marzo'),
(1612, 51, 12, 1226, 682, 'Marzo'),
(1613, 51, 13, 1226, 682, 'Marzo'),
(1614, 51, 14, 1226, 682, 'Marzo'),
(1615, 51, 15, 1226, 682, 'Marzo'),
(1616, 51, 16, 1226, 682, 'Marzo'),
(1617, 51, 17, 1226, 682, 'Marzo'),
(1618, 51, 18, 1226, 682, 'Marzo'),
(1619, 51, 19, 1226, 682, 'Marzo'),
(1620, 51, 20, 1226, 682, 'Marzo'),
(1621, 51, 21, 1226, 682, 'Marzo'),
(1622, 51, 22, 1226, 682, 'Marzo'),
(1623, 51, 23, 1226, 682, 'Marzo'),
(1624, 51, 24, 1226, 682, 'Marzo'),
(1625, 51, 25, 1226, 682, 'Marzo'),
(1626, 51, 26, 1226, 682, 'Marzo'),
(1627, 51, 27, 1226, 682, 'Marzo'),
(1628, 51, 28, 1226, 682, 'Marzo'),
(1629, 51, 29, 1226, 682, 'Marzo'),
(1630, 51, 30, 1226, 682, 'Marzo'),
(1631, 51, 31, 1226, 682, 'Marzo'),
(1632, 51, 32, 1226, 682, 'Marzo'),
(1633, 52, 1, 1077, 840, 'Abril'),
(1634, 52, 2, 1077, 840, 'Abril'),
(1635, 52, 3, 1077, 840, 'Abril'),
(1636, 52, 4, 1077, 840, 'Abril'),
(1637, 52, 5, 1077, 840, 'Abril'),
(1638, 52, 6, 1077, 840, 'Abril'),
(1639, 52, 7, 1077, 840, 'Abril'),
(1640, 52, 8, 1077, 840, 'Abril'),
(1641, 52, 9, 1097, 850, 'Abril'),
(1642, 52, 10, 1077, 840, 'Abril'),
(1643, 52, 11, 1077, 840, 'Abril'),
(1644, 52, 12, 1077, 840, 'Abril'),
(1645, 52, 13, 1077, 840, 'Abril'),
(1646, 52, 14, 1077, 840, 'Abril'),
(1647, 52, 15, 1077, 840, 'Abril'),
(1648, 52, 16, 1077, 840, 'Abril'),
(1649, 52, 17, 1077, 840, 'Abril'),
(1650, 52, 18, 1077, 840, 'Abril'),
(1651, 52, 19, 1077, 840, 'Abril'),
(1652, 52, 20, 1077, 840, 'Abril'),
(1653, 52, 21, 1077, 840, 'Abril'),
(1654, 52, 22, 1077, 840, 'Abril'),
(1655, 52, 23, 1077, 840, 'Abril'),
(1656, 52, 24, 1077, 840, 'Abril'),
(1657, 52, 25, 1077, 840, 'Abril'),
(1658, 52, 26, 1077, 840, 'Abril'),
(1659, 52, 27, 1077, 840, 'Abril'),
(1660, 52, 28, 1077, 840, 'Abril'),
(1661, 52, 29, 1077, 840, 'Abril'),
(1662, 52, 30, 1077, 840, 'Abril'),
(1663, 52, 31, 1077, 840, 'Abril'),
(1664, 52, 32, 1077, 840, 'Abril'),
(1665, 53, 1, 1082, 779, 'Mayo'),
(1666, 53, 2, 1082, 779, 'Mayo'),
(1667, 53, 3, 1082, 779, 'Mayo'),
(1668, 53, 4, 1082, 779, 'Mayo'),
(1669, 53, 5, 1082, 779, 'Mayo'),
(1670, 53, 6, 1082, 779, 'Mayo'),
(1671, 53, 7, 1082, 779, 'Mayo'),
(1672, 53, 8, 1082, 779, 'Mayo'),
(1673, 53, 9, 1103, 801, 'Mayo'),
(1674, 53, 10, 1082, 779, 'Mayo'),
(1675, 53, 11, 1082, 779, 'Mayo'),
(1676, 53, 12, 1082, 779, 'Mayo'),
(1677, 53, 13, 1082, 779, 'Mayo'),
(1678, 53, 14, 1082, 779, 'Mayo'),
(1679, 53, 15, 1082, 779, 'Mayo'),
(1680, 53, 16, 1082, 779, 'Mayo'),
(1681, 53, 17, 1082, 779, 'Mayo'),
(1682, 53, 18, 1082, 779, 'Mayo'),
(1683, 53, 19, 1082, 779, 'Mayo'),
(1684, 53, 20, 1082, 779, 'Mayo'),
(1685, 53, 21, 1082, 779, 'Mayo'),
(1686, 53, 22, 1082, 779, 'Mayo'),
(1687, 53, 23, 1082, 779, 'Mayo'),
(1688, 53, 24, 1082, 779, 'Mayo'),
(1689, 53, 25, 1082, 779, 'Mayo'),
(1690, 53, 26, 1082, 779, 'Mayo'),
(1691, 53, 27, 1082, 779, 'Mayo'),
(1692, 53, 28, 1082, 779, 'Mayo'),
(1693, 53, 29, 1082, 779, 'Mayo'),
(1694, 53, 30, 1082, 779, 'Mayo'),
(1695, 53, 31, 1082, 779, 'Mayo'),
(1696, 53, 32, 1082, 779, 'Mayo'),
(1697, 54, 1, 1242, 752, 'Junio'),
(1698, 54, 2, 1242, 752, 'Junio'),
(1699, 54, 3, 1242, 752, 'Junio'),
(1700, 54, 4, 1242, 752, 'Junio'),
(1701, 54, 5, 1242, 752, 'Junio'),
(1702, 54, 6, 1242, 752, 'Junio'),
(1703, 54, 7, 1242, 752, 'Junio'),
(1704, 54, 8, 1242, 752, 'Junio'),
(1705, 54, 9, 1269, 766, 'Junio'),
(1706, 54, 10, 1242, 752, 'Junio'),
(1707, 54, 11, 1242, 752, 'Junio'),
(1708, 54, 12, 1242, 752, 'Junio'),
(1709, 54, 13, 1242, 752, 'Junio'),
(1710, 54, 14, 1242, 752, 'Junio'),
(1711, 54, 15, 1242, 752, 'Junio'),
(1712, 54, 16, 1242, 752, 'Junio'),
(1713, 54, 17, 1242, 752, 'Junio'),
(1714, 54, 18, 1242, 752, 'Junio'),
(1715, 54, 19, 1242, 752, 'Junio'),
(1716, 54, 20, 1242, 752, 'Junio'),
(1717, 54, 21, 1242, 752, 'Junio'),
(1718, 54, 22, 1242, 752, 'Junio'),
(1719, 54, 23, 1242, 752, 'Junio'),
(1720, 54, 24, 1242, 752, 'Junio'),
(1721, 54, 25, 1242, 752, 'Junio'),
(1722, 54, 26, 1242, 752, 'Junio'),
(1723, 54, 27, 1242, 752, 'Junio'),
(1724, 54, 28, 1242, 752, 'Junio'),
(1725, 54, 29, 1242, 752, 'Junio'),
(1726, 54, 30, 1242, 752, 'Junio'),
(1727, 54, 31, 1242, 752, 'Junio'),
(1728, 54, 32, 1242, 752, 'Junio'),
(1729, 55, 1, 1091, 798, 'Julio'),
(1730, 55, 2, 1091, 798, 'Julio'),
(1731, 55, 3, 1091, 798, 'Julio'),
(1732, 55, 4, 1091, 798, 'Julio'),
(1733, 55, 5, 1091, 798, 'Julio'),
(1734, 55, 6, 1091, 798, 'Julio'),
(1735, 55, 7, 1091, 798, 'Julio'),
(1736, 55, 8, 1091, 798, 'Julio'),
(1737, 55, 9, 1102, 803, 'Julio'),
(1738, 55, 10, 1091, 798, 'Julio'),
(1739, 55, 11, 1091, 798, 'Julio'),
(1740, 55, 12, 1091, 798, 'Julio'),
(1741, 55, 13, 1091, 798, 'Julio'),
(1742, 55, 14, 1091, 798, 'Julio'),
(1743, 55, 15, 1091, 798, 'Julio'),
(1744, 55, 16, 1091, 798, 'Julio'),
(1745, 55, 17, 1091, 798, 'Julio'),
(1746, 55, 18, 1091, 798, 'Julio'),
(1747, 55, 19, 1091, 798, 'Julio'),
(1748, 55, 20, 1091, 798, 'Julio'),
(1749, 55, 21, 1091, 798, 'Julio'),
(1750, 55, 22, 1091, 798, 'Julio'),
(1751, 55, 23, 1091, 798, 'Julio'),
(1752, 55, 24, 1091, 798, 'Julio'),
(1753, 55, 25, 1091, 798, 'Julio'),
(1754, 55, 26, 1091, 798, 'Julio'),
(1755, 55, 27, 1091, 798, 'Julio'),
(1756, 55, 28, 1091, 798, 'Julio'),
(1757, 55, 29, 1091, 798, 'Julio'),
(1758, 55, 30, 1091, 798, 'Julio'),
(1759, 55, 31, 1091, 798, 'Julio'),
(1760, 55, 32, 1091, 798, 'Julio'),
(1761, 56, 1, 1103, 858, 'Agosto'),
(1762, 56, 2, 1103, 858, 'Agosto'),
(1763, 56, 3, 1103, 858, 'Agosto'),
(1764, 56, 4, 1103, 858, 'Agosto'),
(1765, 56, 5, 1103, 858, 'Agosto'),
(1766, 56, 6, 1103, 858, 'Agosto'),
(1767, 56, 7, 1103, 858, 'Agosto'),
(1768, 56, 8, 1103, 858, 'Agosto'),
(1769, 56, 9, 1108, 874, 'Agosto'),
(1770, 56, 10, 1103, 858, 'Agosto'),
(1771, 56, 11, 1103, 858, 'Agosto'),
(1772, 56, 12, 1103, 858, 'Agosto'),
(1773, 56, 13, 1103, 858, 'Agosto'),
(1774, 56, 14, 1103, 858, 'Agosto'),
(1775, 56, 15, 1103, 858, 'Agosto'),
(1776, 56, 16, 1103, 858, 'Agosto'),
(1777, 56, 17, 1103, 858, 'Agosto'),
(1778, 56, 18, 1103, 858, 'Agosto'),
(1779, 56, 19, 1103, 858, 'Agosto'),
(1780, 56, 20, 1103, 858, 'Agosto'),
(1781, 56, 21, 1103, 858, 'Agosto'),
(1782, 56, 22, 1103, 858, 'Agosto'),
(1783, 56, 23, 1103, 858, 'Agosto'),
(1784, 56, 24, 1103, 858, 'Agosto'),
(1785, 56, 25, 1103, 858, 'Agosto'),
(1786, 56, 26, 1103, 858, 'Agosto'),
(1787, 56, 27, 1103, 858, 'Agosto'),
(1788, 56, 28, 1103, 858, 'Agosto'),
(1789, 56, 29, 1103, 858, 'Agosto'),
(1790, 56, 30, 1103, 858, 'Agosto'),
(1791, 56, 31, 1103, 858, 'Agosto'),
(1792, 56, 32, 1103, 858, 'Agosto'),
(1793, 57, 1, 991, 773, 'Septiembre'),
(1794, 57, 2, 991, 773, 'Septiembre'),
(1795, 57, 3, 991, 773, 'Septiembre'),
(1796, 57, 4, 991, 773, 'Septiembre'),
(1797, 57, 5, 991, 773, 'Septiembre'),
(1798, 57, 6, 991, 773, 'Septiembre'),
(1799, 57, 7, 991, 773, 'Septiembre'),
(1800, 57, 8, 991, 773, 'Septiembre'),
(1801, 57, 9, 1015, 775, 'Septiembre'),
(1802, 57, 10, 991, 773, 'Septiembre'),
(1803, 57, 11, 991, 773, 'Septiembre'),
(1804, 57, 12, 991, 773, 'Septiembre'),
(1805, 57, 13, 991, 773, 'Septiembre'),
(1806, 57, 14, 991, 773, 'Septiembre'),
(1807, 57, 15, 991, 773, 'Septiembre'),
(1808, 57, 16, 991, 773, 'Septiembre'),
(1809, 57, 17, 991, 773, 'Septiembre'),
(1810, 57, 18, 991, 773, 'Septiembre'),
(1811, 57, 19, 991, 773, 'Septiembre'),
(1812, 57, 20, 991, 773, 'Septiembre'),
(1813, 57, 21, 991, 773, 'Septiembre'),
(1814, 57, 22, 991, 773, 'Septiembre'),
(1815, 57, 23, 991, 773, 'Septiembre'),
(1816, 57, 24, 991, 773, 'Septiembre'),
(1817, 57, 25, 991, 773, 'Septiembre'),
(1818, 57, 26, 991, 773, 'Septiembre'),
(1819, 57, 27, 991, 773, 'Septiembre'),
(1820, 57, 28, 991, 773, 'Septiembre'),
(1821, 57, 29, 991, 773, 'Septiembre'),
(1822, 57, 30, 991, 773, 'Septiembre'),
(1823, 57, 31, 991, 773, 'Septiembre'),
(1824, 57, 32, 991, 773, 'Septiembre'),
(1825, 58, 1, 1024, 664, 'Octubre'),
(1826, 58, 2, 1024, 664, 'Octubre'),
(1827, 58, 3, 1024, 664, 'Octubre'),
(1828, 58, 4, 1024, 664, 'Octubre'),
(1829, 58, 5, 1024, 664, 'Octubre'),
(1830, 58, 6, 1024, 664, 'Octubre'),
(1831, 58, 7, 1024, 664, 'Octubre'),
(1832, 58, 8, 1024, 664, 'Octubre'),
(1833, 58, 9, 1032, 690, 'Octubre'),
(1834, 58, 10, 1024, 664, 'Octubre'),
(1835, 58, 11, 1024, 664, 'Octubre'),
(1836, 58, 12, 1024, 664, 'Octubre'),
(1837, 58, 13, 1024, 664, 'Octubre'),
(1838, 58, 14, 1024, 664, 'Octubre'),
(1839, 58, 15, 1024, 664, 'Octubre'),
(1840, 58, 16, 1024, 664, 'Octubre'),
(1841, 58, 17, 1024, 664, 'Octubre'),
(1842, 58, 18, 1024, 664, 'Octubre'),
(1843, 58, 19, 1024, 664, 'Octubre'),
(1844, 58, 20, 1024, 664, 'Octubre'),
(1845, 58, 21, 1024, 664, 'Octubre'),
(1846, 58, 22, 1024, 664, 'Octubre'),
(1847, 58, 23, 1024, 664, 'Octubre'),
(1848, 58, 24, 1024, 664, 'Octubre'),
(1849, 58, 25, 1024, 664, 'Octubre'),
(1850, 58, 26, 1024, 664, 'Octubre'),
(1851, 58, 27, 1024, 664, 'Octubre'),
(1852, 58, 28, 1024, 664, 'Octubre'),
(1853, 58, 29, 1024, 664, 'Octubre'),
(1854, 58, 30, 1024, 664, 'Octubre'),
(1855, 58, 31, 1024, 664, 'Octubre'),
(1856, 58, 32, 1024, 664, 'Octubre'),
(1857, 59, 1, 1208, 629, 'Noviembre'),
(1858, 59, 2, 1208, 629, 'Noviembre'),
(1859, 59, 3, 1208, 629, 'Noviembre'),
(1860, 59, 4, 1208, 629, 'Noviembre'),
(1861, 59, 5, 1208, 629, 'Noviembre'),
(1862, 59, 6, 1208, 629, 'Noviembre'),
(1863, 59, 7, 1208, 629, 'Noviembre'),
(1864, 59, 8, 1208, 629, 'Noviembre'),
(1865, 59, 9, 1225, 660, 'Noviembre'),
(1866, 59, 10, 1208, 629, 'Noviembre'),
(1867, 59, 11, 1208, 629, 'Noviembre'),
(1868, 59, 12, 1208, 629, 'Noviembre'),
(1869, 59, 13, 1208, 629, 'Noviembre'),
(1870, 59, 14, 1208, 629, 'Noviembre'),
(1871, 59, 15, 1208, 629, 'Noviembre'),
(1872, 59, 16, 1208, 629, 'Noviembre'),
(1873, 59, 17, 1208, 629, 'Noviembre'),
(1874, 59, 18, 1208, 629, 'Noviembre'),
(1875, 59, 19, 1208, 629, 'Noviembre'),
(1876, 59, 20, 1208, 629, 'Noviembre'),
(1877, 59, 21, 1208, 629, 'Noviembre'),
(1878, 59, 22, 1208, 629, 'Noviembre'),
(1879, 59, 23, 1208, 629, 'Noviembre'),
(1880, 59, 24, 1208, 629, 'Noviembre'),
(1881, 59, 25, 1208, 629, 'Noviembre'),
(1882, 59, 26, 1208, 629, 'Noviembre'),
(1883, 59, 27, 1208, 629, 'Noviembre'),
(1884, 59, 28, 1208, 629, 'Noviembre'),
(1885, 59, 29, 1208, 629, 'Noviembre'),
(1886, 59, 30, 1208, 629, 'Noviembre'),
(1887, 59, 31, 1208, 629, 'Noviembre'),
(1888, 59, 32, 1208, 629, 'Noviembre'),
(1889, 60, 1, 1094, 780, 'Diciembre'),
(1890, 60, 2, 1094, 780, 'Diciembre'),
(1891, 60, 3, 1094, 780, 'Diciembre'),
(1892, 60, 4, 1094, 780, 'Diciembre'),
(1893, 60, 5, 1094, 780, 'Diciembre'),
(1894, 60, 6, 1094, 780, 'Diciembre'),
(1895, 60, 7, 1094, 780, 'Diciembre'),
(1896, 60, 8, 1094, 780, 'Diciembre'),
(1897, 60, 9, 1125, 790, 'Diciembre'),
(1898, 60, 10, 1094, 780, 'Diciembre'),
(1899, 60, 11, 1094, 780, 'Diciembre'),
(1900, 60, 12, 1094, 780, 'Diciembre'),
(1901, 60, 13, 1094, 780, 'Diciembre'),
(1902, 60, 14, 1094, 780, 'Diciembre'),
(1903, 60, 15, 1094, 780, 'Diciembre'),
(1904, 60, 16, 1094, 780, 'Diciembre'),
(1905, 60, 17, 1094, 780, 'Diciembre'),
(1906, 60, 18, 1094, 780, 'Diciembre'),
(1907, 60, 19, 1094, 780, 'Diciembre'),
(1908, 60, 20, 1094, 780, 'Diciembre'),
(1909, 60, 21, 1094, 780, 'Diciembre'),
(1910, 60, 22, 1094, 780, 'Diciembre'),
(1911, 60, 23, 1094, 780, 'Diciembre'),
(1912, 60, 24, 1094, 780, 'Diciembre'),
(1913, 60, 25, 1094, 780, 'Diciembre'),
(1914, 60, 26, 1094, 780, 'Diciembre'),
(1915, 60, 27, 1094, 780, 'Diciembre'),
(1916, 60, 28, 1094, 780, 'Diciembre'),
(1917, 60, 29, 1094, 780, 'Diciembre'),
(1918, 60, 30, 1094, 780, 'Diciembre'),
(1919, 60, 31, 1094, 780, 'Diciembre'),
(1920, 60, 32, 1094, 780, 'Diciembre'),
(1921, 61, 1, 1224, 636, 'Enero'),
(1922, 61, 2, 1224, 636, 'Enero'),
(1923, 61, 3, 1224, 636, 'Enero'),
(1924, 61, 4, 1224, 636, 'Enero'),
(1925, 61, 5, 1224, 636, 'Enero'),
(1926, 61, 6, 1224, 636, 'Enero'),
(1927, 61, 7, 1224, 636, 'Enero'),
(1928, 61, 8, 1224, 636, 'Enero'),
(1929, 61, 9, 1233, 657, 'Enero'),
(1930, 61, 10, 1224, 636, 'Enero'),
(1931, 61, 11, 1224, 636, 'Enero'),
(1932, 61, 12, 1224, 636, 'Enero'),
(1933, 61, 13, 1224, 636, 'Enero'),
(1934, 61, 14, 1224, 636, 'Enero'),
(1935, 61, 15, 1224, 636, 'Enero'),
(1936, 61, 16, 1224, 636, 'Enero'),
(1937, 61, 17, 1224, 636, 'Enero'),
(1938, 61, 18, 1224, 636, 'Enero'),
(1939, 61, 19, 1224, 636, 'Enero'),
(1940, 61, 20, 1224, 636, 'Enero'),
(1941, 61, 21, 1224, 636, 'Enero'),
(1942, 61, 22, 1224, 636, 'Enero'),
(1943, 61, 23, 1224, 636, 'Enero'),
(1944, 61, 24, 1224, 636, 'Enero'),
(1945, 61, 25, 1224, 636, 'Enero'),
(1946, 61, 26, 1224, 636, 'Enero'),
(1947, 61, 27, 1224, 636, 'Enero'),
(1948, 61, 28, 1224, 636, 'Enero'),
(1949, 61, 29, 1224, 636, 'Enero'),
(1950, 61, 30, 1224, 636, 'Enero'),
(1951, 61, 31, 1224, 636, 'Enero'),
(1952, 61, 32, 1224, 636, 'Enero'),
(1953, 62, 1, 961, 717, 'Febrero'),
(1954, 62, 2, 961, 717, 'Febrero'),
(1955, 62, 3, 961, 717, 'Febrero'),
(1956, 62, 4, 961, 717, 'Febrero'),
(1957, 62, 5, 961, 717, 'Febrero'),
(1958, 62, 6, 961, 717, 'Febrero'),
(1959, 62, 7, 961, 717, 'Febrero'),
(1960, 62, 8, 961, 717, 'Febrero'),
(1961, 62, 9, 975, 732, 'Febrero'),
(1962, 62, 10, 961, 717, 'Febrero'),
(1963, 62, 11, 961, 717, 'Febrero'),
(1964, 62, 12, 961, 717, 'Febrero'),
(1965, 62, 13, 961, 717, 'Febrero'),
(1966, 62, 14, 961, 717, 'Febrero'),
(1967, 62, 15, 961, 717, 'Febrero'),
(1968, 62, 16, 961, 717, 'Febrero'),
(1969, 62, 17, 961, 717, 'Febrero'),
(1970, 62, 18, 961, 717, 'Febrero'),
(1971, 62, 19, 961, 717, 'Febrero'),
(1972, 62, 20, 961, 717, 'Febrero'),
(1973, 62, 21, 961, 717, 'Febrero'),
(1974, 62, 22, 961, 717, 'Febrero'),
(1975, 62, 23, 961, 717, 'Febrero'),
(1976, 62, 24, 961, 717, 'Febrero'),
(1977, 62, 25, 961, 717, 'Febrero'),
(1978, 62, 26, 961, 717, 'Febrero'),
(1979, 62, 27, 961, 717, 'Febrero'),
(1980, 62, 28, 961, 717, 'Febrero'),
(1981, 62, 29, 961, 717, 'Febrero'),
(1982, 62, 30, 961, 717, 'Febrero'),
(1983, 62, 31, 961, 717, 'Febrero'),
(1984, 62, 32, 961, 717, 'Febrero'),
(1985, 63, 1, 1134, 802, 'Marzo'),
(1986, 63, 2, 1134, 802, 'Marzo'),
(1987, 63, 3, 1134, 802, 'Marzo'),
(1988, 63, 4, 1134, 802, 'Marzo'),
(1989, 63, 5, 1134, 802, 'Marzo'),
(1990, 63, 6, 1134, 802, 'Marzo'),
(1991, 63, 7, 1134, 802, 'Marzo'),
(1992, 63, 8, 1134, 802, 'Marzo'),
(1993, 63, 9, 1147, 811, 'Marzo'),
(1994, 63, 10, 1134, 802, 'Marzo'),
(1995, 63, 11, 1134, 802, 'Marzo'),
(1996, 63, 12, 1134, 802, 'Marzo'),
(1997, 63, 13, 1134, 802, 'Marzo'),
(1998, 63, 14, 1134, 802, 'Marzo'),
(1999, 63, 15, 1134, 802, 'Marzo'),
(2000, 63, 16, 1134, 802, 'Marzo'),
(2001, 63, 17, 1134, 802, 'Marzo'),
(2002, 63, 18, 1134, 802, 'Marzo'),
(2003, 63, 19, 1134, 802, 'Marzo'),
(2004, 63, 20, 1134, 802, 'Marzo'),
(2005, 63, 21, 1134, 802, 'Marzo'),
(2006, 63, 22, 1134, 802, 'Marzo'),
(2007, 63, 23, 1134, 802, 'Marzo'),
(2008, 63, 24, 1134, 802, 'Marzo'),
(2009, 63, 25, 1134, 802, 'Marzo'),
(2010, 63, 26, 1134, 802, 'Marzo'),
(2011, 63, 27, 1134, 802, 'Marzo'),
(2012, 63, 28, 1134, 802, 'Marzo'),
(2013, 63, 29, 1134, 802, 'Marzo'),
(2014, 63, 30, 1134, 802, 'Marzo'),
(2015, 63, 31, 1134, 802, 'Marzo'),
(2016, 63, 32, 1134, 802, 'Marzo'),
(2017, 64, 1, 1225, 734, 'Abril'),
(2018, 64, 2, 1225, 734, 'Abril'),
(2019, 64, 3, 1225, 734, 'Abril'),
(2020, 64, 4, 1225, 734, 'Abril'),
(2021, 64, 5, 1225, 734, 'Abril'),
(2022, 64, 6, 1225, 734, 'Abril'),
(2023, 64, 7, 1225, 734, 'Abril'),
(2024, 64, 8, 1225, 734, 'Abril'),
(2025, 64, 9, 1233, 736, 'Abril'),
(2026, 64, 10, 1225, 734, 'Abril'),
(2027, 64, 11, 1225, 734, 'Abril'),
(2028, 64, 12, 1225, 734, 'Abril'),
(2029, 64, 13, 1225, 734, 'Abril'),
(2030, 64, 14, 1225, 734, 'Abril'),
(2031, 64, 15, 1225, 734, 'Abril'),
(2032, 64, 16, 1225, 734, 'Abril'),
(2033, 64, 17, 1225, 734, 'Abril'),
(2034, 64, 18, 1225, 734, 'Abril'),
(2035, 64, 19, 1225, 734, 'Abril'),
(2036, 64, 20, 1225, 734, 'Abril'),
(2037, 64, 21, 1225, 734, 'Abril'),
(2038, 64, 22, 1225, 734, 'Abril'),
(2039, 64, 23, 1225, 734, 'Abril'),
(2040, 64, 24, 1225, 734, 'Abril'),
(2041, 64, 25, 1225, 734, 'Abril'),
(2042, 64, 26, 1225, 734, 'Abril'),
(2043, 64, 27, 1225, 734, 'Abril'),
(2044, 64, 28, 1225, 734, 'Abril'),
(2045, 64, 29, 1225, 734, 'Abril'),
(2046, 64, 30, 1225, 734, 'Abril'),
(2047, 64, 31, 1225, 734, 'Abril'),
(2048, 64, 32, 1225, 734, 'Abril'),
(2049, 65, 1, 1160, 638, 'Mayo'),
(2050, 65, 2, 1160, 638, 'Mayo'),
(2051, 65, 3, 1160, 638, 'Mayo'),
(2052, 65, 4, 1160, 638, 'Mayo'),
(2053, 65, 5, 1160, 638, 'Mayo'),
(2054, 65, 6, 1160, 638, 'Mayo'),
(2055, 65, 7, 1160, 638, 'Mayo'),
(2056, 65, 8, 1160, 638, 'Mayo'),
(2057, 65, 9, 1176, 655, 'Mayo'),
(2058, 65, 10, 1160, 638, 'Mayo'),
(2059, 65, 11, 1160, 638, 'Mayo'),
(2060, 65, 12, 1160, 638, 'Mayo'),
(2061, 65, 13, 1160, 638, 'Mayo'),
(2062, 65, 14, 1160, 638, 'Mayo'),
(2063, 65, 15, 1160, 638, 'Mayo'),
(2064, 65, 16, 1160, 638, 'Mayo'),
(2065, 65, 17, 1160, 638, 'Mayo'),
(2066, 65, 18, 1160, 638, 'Mayo'),
(2067, 65, 19, 1160, 638, 'Mayo'),
(2068, 65, 20, 1160, 638, 'Mayo'),
(2069, 65, 21, 1160, 638, 'Mayo'),
(2070, 65, 22, 1160, 638, 'Mayo'),
(2071, 65, 23, 1160, 638, 'Mayo'),
(2072, 65, 24, 1160, 638, 'Mayo'),
(2073, 65, 25, 1160, 638, 'Mayo'),
(2074, 65, 26, 1160, 638, 'Mayo'),
(2075, 65, 27, 1160, 638, 'Mayo'),
(2076, 65, 28, 1160, 638, 'Mayo'),
(2077, 65, 29, 1160, 638, 'Mayo'),
(2078, 65, 30, 1160, 638, 'Mayo'),
(2079, 65, 31, 1160, 638, 'Mayo'),
(2080, 65, 32, 1160, 638, 'Mayo'),
(2081, 66, 1, 1189, 865, 'Junio'),
(2082, 66, 2, 1189, 865, 'Junio'),
(2083, 66, 3, 1189, 865, 'Junio'),
(2084, 66, 4, 1189, 865, 'Junio'),
(2085, 66, 5, 1189, 865, 'Junio'),
(2086, 66, 6, 1189, 865, 'Junio'),
(2087, 66, 7, 1189, 865, 'Junio'),
(2088, 66, 8, 1189, 865, 'Junio'),
(2089, 66, 9, 1199, 880, 'Junio'),
(2090, 66, 10, 1189, 865, 'Junio'),
(2091, 66, 11, 1189, 865, 'Junio'),
(2092, 66, 12, 1189, 865, 'Junio'),
(2093, 66, 13, 1189, 865, 'Junio'),
(2094, 66, 14, 1189, 865, 'Junio'),
(2095, 66, 15, 1189, 865, 'Junio'),
(2096, 66, 16, 1189, 865, 'Junio'),
(2097, 66, 17, 1189, 865, 'Junio'),
(2098, 66, 18, 1189, 865, 'Junio'),
(2099, 66, 19, 1189, 865, 'Junio'),
(2100, 66, 20, 1189, 865, 'Junio'),
(2101, 66, 21, 1189, 865, 'Junio'),
(2102, 66, 22, 1189, 865, 'Junio'),
(2103, 66, 23, 1189, 865, 'Junio'),
(2104, 66, 24, 1189, 865, 'Junio'),
(2105, 66, 25, 1189, 865, 'Junio'),
(2106, 66, 26, 1189, 865, 'Junio'),
(2107, 66, 27, 1189, 865, 'Junio'),
(2108, 66, 28, 1189, 865, 'Junio'),
(2109, 66, 29, 1189, 865, 'Junio'),
(2110, 66, 30, 1189, 865, 'Junio'),
(2111, 66, 31, 1189, 865, 'Junio'),
(2112, 66, 32, 1189, 865, 'Junio'),
(2113, 67, 1, 1215, 786, 'Julio'),
(2114, 67, 2, 1215, 786, 'Julio'),
(2115, 67, 3, 1215, 786, 'Julio'),
(2116, 67, 4, 1215, 786, 'Julio'),
(2117, 67, 5, 1215, 786, 'Julio'),
(2118, 67, 6, 1215, 786, 'Julio'),
(2119, 67, 7, 1215, 786, 'Julio'),
(2120, 67, 8, 1215, 786, 'Julio'),
(2121, 67, 9, 1215, 811, 'Julio'),
(2122, 67, 10, 1215, 786, 'Julio'),
(2123, 67, 11, 1215, 786, 'Julio'),
(2124, 67, 12, 1215, 786, 'Julio'),
(2125, 67, 13, 1215, 786, 'Julio'),
(2126, 67, 14, 1215, 786, 'Julio'),
(2127, 67, 15, 1215, 786, 'Julio'),
(2128, 67, 16, 1215, 786, 'Julio'),
(2129, 67, 17, 1215, 786, 'Julio'),
(2130, 67, 18, 1215, 786, 'Julio'),
(2131, 67, 19, 1215, 786, 'Julio'),
(2132, 67, 20, 1215, 786, 'Julio'),
(2133, 67, 21, 1215, 786, 'Julio'),
(2134, 67, 22, 1215, 786, 'Julio'),
(2135, 67, 23, 1215, 786, 'Julio'),
(2136, 67, 24, 1215, 786, 'Julio'),
(2137, 67, 25, 1215, 786, 'Julio'),
(2138, 67, 26, 1215, 786, 'Julio'),
(2139, 67, 27, 1215, 786, 'Julio'),
(2140, 67, 28, 1215, 786, 'Julio'),
(2141, 67, 29, 1215, 786, 'Julio'),
(2142, 67, 30, 1215, 786, 'Julio'),
(2143, 67, 31, 1215, 786, 'Julio'),
(2144, 67, 32, 1215, 786, 'Julio'),
(2145, 68, 1, 944, 712, 'Agosto'),
(2146, 68, 2, 944, 712, 'Agosto'),
(2147, 68, 3, 944, 712, 'Agosto'),
(2148, 68, 4, 944, 712, 'Agosto'),
(2149, 68, 5, 944, 712, 'Agosto'),
(2150, 68, 6, 944, 712, 'Agosto'),
(2151, 68, 7, 944, 712, 'Agosto'),
(2152, 68, 8, 944, 712, 'Agosto'),
(2153, 68, 9, 964, 727, 'Agosto'),
(2154, 68, 10, 944, 712, 'Agosto'),
(2155, 68, 11, 944, 712, 'Agosto'),
(2156, 68, 12, 944, 712, 'Agosto'),
(2157, 68, 13, 944, 712, 'Agosto'),
(2158, 68, 14, 944, 712, 'Agosto'),
(2159, 68, 15, 944, 712, 'Agosto'),
(2160, 68, 16, 944, 712, 'Agosto'),
(2161, 68, 17, 944, 712, 'Agosto'),
(2162, 68, 18, 944, 712, 'Agosto'),
(2163, 68, 19, 944, 712, 'Agosto'),
(2164, 68, 20, 944, 712, 'Agosto'),
(2165, 68, 21, 944, 712, 'Agosto'),
(2166, 68, 22, 944, 712, 'Agosto'),
(2167, 68, 23, 944, 712, 'Agosto'),
(2168, 68, 24, 944, 712, 'Agosto'),
(2169, 68, 25, 944, 712, 'Agosto'),
(2170, 68, 26, 944, 712, 'Agosto'),
(2171, 68, 27, 944, 712, 'Agosto'),
(2172, 68, 28, 944, 712, 'Agosto'),
(2173, 68, 29, 944, 712, 'Agosto'),
(2174, 68, 30, 944, 712, 'Agosto'),
(2175, 68, 31, 944, 712, 'Agosto'),
(2176, 68, 32, 944, 712, 'Agosto'),
(2177, 69, 1, 1078, 827, 'Septiembre'),
(2178, 69, 2, 1078, 827, 'Septiembre'),
(2179, 69, 3, 1078, 827, 'Septiembre'),
(2180, 69, 4, 1078, 827, 'Septiembre'),
(2181, 69, 5, 1078, 827, 'Septiembre'),
(2182, 69, 6, 1078, 827, 'Septiembre'),
(2183, 69, 7, 1078, 827, 'Septiembre'),
(2184, 69, 8, 1078, 827, 'Septiembre'),
(2185, 69, 9, 1084, 830, 'Septiembre'),
(2186, 69, 10, 1078, 827, 'Septiembre'),
(2187, 69, 11, 1078, 827, 'Septiembre'),
(2188, 69, 12, 1078, 827, 'Septiembre'),
(2189, 69, 13, 1078, 827, 'Septiembre'),
(2190, 69, 14, 1078, 827, 'Septiembre'),
(2191, 69, 15, 1078, 827, 'Septiembre'),
(2192, 69, 16, 1078, 827, 'Septiembre'),
(2193, 69, 17, 1078, 827, 'Septiembre'),
(2194, 69, 18, 1078, 827, 'Septiembre'),
(2195, 69, 19, 1078, 827, 'Septiembre'),
(2196, 69, 20, 1078, 827, 'Septiembre'),
(2197, 69, 21, 1078, 827, 'Septiembre'),
(2198, 69, 22, 1078, 827, 'Septiembre'),
(2199, 69, 23, 1078, 827, 'Septiembre'),
(2200, 69, 24, 1078, 827, 'Septiembre'),
(2201, 69, 25, 1078, 827, 'Septiembre'),
(2202, 69, 26, 1078, 827, 'Septiembre'),
(2203, 69, 27, 1078, 827, 'Septiembre'),
(2204, 69, 28, 1078, 827, 'Septiembre'),
(2205, 69, 29, 1078, 827, 'Septiembre'),
(2206, 69, 30, 1078, 827, 'Septiembre'),
(2207, 69, 31, 1078, 827, 'Septiembre'),
(2208, 69, 32, 1078, 827, 'Septiembre'),
(2209, 70, 1, 994, 873, 'Octubre'),
(2210, 70, 2, 994, 873, 'Octubre'),
(2211, 70, 3, 994, 873, 'Octubre'),
(2212, 70, 4, 994, 873, 'Octubre'),
(2213, 70, 5, 994, 873, 'Octubre'),
(2214, 70, 6, 994, 873, 'Octubre'),
(2215, 70, 7, 994, 873, 'Octubre'),
(2216, 70, 8, 994, 873, 'Octubre'),
(2217, 70, 9, 1010, 875, 'Octubre'),
(2218, 70, 10, 994, 873, 'Octubre'),
(2219, 70, 11, 994, 873, 'Octubre'),
(2220, 70, 12, 994, 873, 'Octubre'),
(2221, 70, 13, 994, 873, 'Octubre'),
(2222, 70, 14, 994, 873, 'Octubre'),
(2223, 70, 15, 994, 873, 'Octubre'),
(2224, 70, 16, 994, 873, 'Octubre'),
(2225, 70, 17, 994, 873, 'Octubre'),
(2226, 70, 18, 994, 873, 'Octubre'),
(2227, 70, 19, 994, 873, 'Octubre'),
(2228, 70, 20, 994, 873, 'Octubre'),
(2229, 70, 21, 994, 873, 'Octubre'),
(2230, 70, 22, 994, 873, 'Octubre'),
(2231, 70, 23, 994, 873, 'Octubre'),
(2232, 70, 24, 994, 873, 'Octubre'),
(2233, 70, 25, 994, 873, 'Octubre'),
(2234, 70, 26, 994, 873, 'Octubre'),
(2235, 70, 27, 994, 873, 'Octubre'),
(2236, 70, 28, 994, 873, 'Octubre'),
(2237, 70, 29, 994, 873, 'Octubre'),
(2238, 70, 30, 994, 873, 'Octubre'),
(2239, 70, 31, 994, 873, 'Octubre'),
(2240, 70, 32, 994, 873, 'Octubre'),
(2241, 71, 1, 1112, 759, 'Noviembre'),
(2242, 71, 2, 1112, 759, 'Noviembre'),
(2243, 71, 3, 1112, 759, 'Noviembre'),
(2244, 71, 4, 1112, 759, 'Noviembre'),
(2245, 71, 5, 1112, 759, 'Noviembre'),
(2246, 71, 6, 1112, 759, 'Noviembre'),
(2247, 71, 7, 1112, 759, 'Noviembre'),
(2248, 71, 8, 1112, 759, 'Noviembre'),
(2249, 71, 9, 1142, 761, 'Noviembre'),
(2250, 71, 10, 1112, 759, 'Noviembre'),
(2251, 71, 11, 1112, 759, 'Noviembre'),
(2252, 71, 12, 1112, 759, 'Noviembre'),
(2253, 71, 13, 1112, 759, 'Noviembre'),
(2254, 71, 14, 1112, 759, 'Noviembre'),
(2255, 71, 15, 1112, 759, 'Noviembre'),
(2256, 71, 16, 1112, 759, 'Noviembre'),
(2257, 71, 17, 1112, 759, 'Noviembre'),
(2258, 71, 18, 1112, 759, 'Noviembre'),
(2259, 71, 19, 1112, 759, 'Noviembre'),
(2260, 71, 20, 1112, 759, 'Noviembre'),
(2261, 71, 21, 1112, 759, 'Noviembre'),
(2262, 71, 22, 1112, 759, 'Noviembre'),
(2263, 71, 23, 1112, 759, 'Noviembre'),
(2264, 71, 24, 1112, 759, 'Noviembre'),
(2265, 71, 25, 1112, 759, 'Noviembre'),
(2266, 71, 26, 1112, 759, 'Noviembre'),
(2267, 71, 27, 1112, 759, 'Noviembre'),
(2268, 71, 28, 1112, 759, 'Noviembre'),
(2269, 71, 29, 1112, 759, 'Noviembre'),
(2270, 71, 30, 1112, 759, 'Noviembre'),
(2271, 71, 31, 1112, 759, 'Noviembre'),
(2272, 71, 32, 1112, 759, 'Noviembre'),
(2273, 72, 1, 1018, 801, 'Diciembre'),
(2274, 72, 2, 1018, 801, 'Diciembre'),
(2275, 72, 3, 1018, 801, 'Diciembre'),
(2276, 72, 4, 1018, 801, 'Diciembre'),
(2277, 72, 5, 1018, 801, 'Diciembre'),
(2278, 72, 6, 1018, 801, 'Diciembre'),
(2279, 72, 7, 1018, 801, 'Diciembre'),
(2280, 72, 8, 1018, 801, 'Diciembre'),
(2281, 72, 9, 1043, 803, 'Diciembre'),
(2282, 72, 10, 1018, 801, 'Diciembre'),
(2283, 72, 11, 1018, 801, 'Diciembre'),
(2284, 72, 12, 1018, 801, 'Diciembre'),
(2285, 72, 13, 1018, 801, 'Diciembre'),
(2286, 72, 14, 1018, 801, 'Diciembre'),
(2287, 72, 15, 1018, 801, 'Diciembre'),
(2288, 72, 16, 1018, 801, 'Diciembre'),
(2289, 72, 17, 1018, 801, 'Diciembre'),
(2290, 72, 18, 1018, 801, 'Diciembre'),
(2291, 72, 19, 1018, 801, 'Diciembre'),
(2292, 72, 20, 1018, 801, 'Diciembre'),
(2293, 72, 21, 1018, 801, 'Diciembre'),
(2294, 72, 22, 1018, 801, 'Diciembre'),
(2295, 72, 23, 1018, 801, 'Diciembre'),
(2296, 72, 24, 1018, 801, 'Diciembre'),
(2297, 72, 25, 1018, 801, 'Diciembre'),
(2298, 72, 26, 1018, 801, 'Diciembre'),
(2299, 72, 27, 1018, 801, 'Diciembre'),
(2300, 72, 28, 1018, 801, 'Diciembre'),
(2301, 72, 29, 1018, 801, 'Diciembre'),
(2302, 72, 30, 1018, 801, 'Diciembre'),
(2303, 72, 31, 1018, 801, 'Diciembre'),
(2304, 72, 32, 1018, 801, 'Diciembre');

-- --------------------------------------------------------

--
-- Estructura de tabla para la tabla `hechos_abandono_gatos`
--

CREATE TABLE `hechos_abandono_gatos` (
  `id_hecho` int(11) NOT NULL,
  `fk_tiempo` int(11) NOT NULL,
  `total_mensual` int(11) NOT NULL,
  `nombre_mes` varchar(20) DEFAULT NULL
) ENGINE=InnoDB DEFAULT CHARSET=utf8mb4 COLLATE=utf8mb4_general_ci;

--
-- Volcado de datos para la tabla `hechos_abandono_gatos`
--

INSERT INTO `hechos_abandono_gatos` (`id_hecho`, `fk_tiempo`, `total_mensual`, `nombre_mes`) VALUES
(1, 1, 24931, 'Enero'),
(2, 2, 22412, 'Febrero'),
(3, 3, 25267, 'Marzo'),
(4, 4, 23101, 'Abril'),
(5, 5, 27705, 'Mayo'),
(6, 6, 25223, 'Junio'),
(7, 7, 23000, 'Julio'),
(8, 8, 27330, 'Agosto'),
(9, 9, 23649, 'Septiembre'),
(10, 10, 24258, 'Octubre'),
(11, 11, 22344, 'Noviembre'),
(12, 12, 26944, 'Diciembre'),
(13, 13, 23690, 'Enero'),
(14, 14, 25620, 'Febrero'),
(15, 15, 21028, 'Marzo'),
(16, 16, 24283, 'Abril'),
(17, 17, 22332, 'Mayo'),
(18, 18, 26812, 'Junio'),
(19, 19, 23062, 'Julio'),
(20, 20, 22877, 'Agosto'),
(21, 21, 25197, 'Septiembre'),
(22, 22, 21355, 'Octubre'),
(23, 23, 27186, 'Noviembre'),
(24, 24, 27864, 'Diciembre'),
(25, 25, 21764, 'Enero'),
(26, 26, 21227, 'Febrero'),
(27, 27, 20845, 'Marzo'),
(28, 28, 20543, 'Abril'),
(29, 29, 20181, 'Mayo'),
(30, 30, 27278, 'Junio'),
(31, 31, 23845, 'Julio'),
(32, 32, 25392, 'Agosto'),
(33, 33, 27427, 'Septiembre'),
(34, 34, 24958, 'Octubre'),
(35, 35, 22509, 'Noviembre'),
(36, 36, 25673, 'Diciembre'),
(37, 37, 24838, 'Enero'),
(38, 38, 27171, 'Febrero'),
(39, 39, 25343, 'Marzo'),
(40, 40, 25201, 'Abril'),
(41, 41, 21977, 'Mayo'),
(42, 42, 22283, 'Junio'),
(43, 43, 25485, 'Julio'),
(44, 44, 24577, 'Agosto'),
(45, 45, 26429, 'Septiembre'),
(46, 46, 22415, 'Octubre'),
(47, 47, 20787, 'Noviembre'),
(48, 48, 24692, 'Diciembre'),
(49, 49, 25101, 'Enero'),
(50, 50, 23427, 'Febrero'),
(51, 51, 21834, 'Marzo'),
(52, 52, 26890, 'Abril'),
(53, 53, 24950, 'Mayo'),
(54, 54, 24078, 'Junio'),
(55, 55, 25541, 'Julio'),
(56, 56, 27472, 'Agosto'),
(57, 57, 24738, 'Septiembre'),
(58, 58, 21274, 'Octubre'),
(59, 59, 20159, 'Noviembre'),
(60, 60, 24970, 'Diciembre'),
(61, 61, 20373, 'Enero'),
(62, 62, 22959, 'Febrero'),
(63, 63, 25673, 'Marzo'),
(64, 64, 23490, 'Abril'),
(65, 65, 20433, 'Mayo'),
(66, 66, 27695, 'Junio'),
(67, 67, 25177, 'Julio'),
(68, 68, 22799, 'Agosto'),
(69, 69, 26467, 'Septiembre'),
(70, 70, 27938, 'Octubre'),
(71, 71, 24290, 'Noviembre'),
(72, 72, 25634, 'Diciembre');

-- --------------------------------------------------------

--
-- Estructura de tabla para la tabla `hechos_abandono_perros`
--

CREATE TABLE `hechos_abandono_perros` (
  `id_hecho` int(11) NOT NULL,
  `fk_tiempo` int(11) NOT NULL,
  `total_mensual` int(11) NOT NULL,
  `nombre_mes` varchar(20) DEFAULT NULL
) ENGINE=InnoDB DEFAULT CHARSET=utf8mb4 COLLATE=utf8mb4_general_ci;

--
-- Volcado de datos para la tabla `hechos_abandono_perros`
--

INSERT INTO `hechos_abandono_perros` (`id_hecho`, `fk_tiempo`, `total_mensual`, `nombre_mes`) VALUES
(1, 1, 39373, 'Enero'),
(2, 2, 34222, 'Febrero'),
(3, 3, 32991, 'Marzo'),
(4, 4, 32288, 'Abril'),
(5, 5, 32469, 'Mayo'),
(6, 6, 35482, 'Junio'),
(7, 7, 30002, 'Julio'),
(8, 8, 33567, 'Agosto'),
(9, 9, 37826, 'Septiembre'),
(10, 10, 38432, 'Octubre'),
(11, 11, 38682, 'Noviembre'),
(12, 12, 38113, 'Diciembre'),
(13, 13, 34522, 'Enero'),
(14, 14, 38270, 'Febrero'),
(15, 15, 37786, 'Marzo'),
(16, 16, 34120, 'Abril'),
(17, 17, 37243, 'Mayo'),
(18, 18, 33853, 'Junio'),
(19, 19, 37538, 'Julio'),
(20, 20, 36132, 'Agosto'),
(21, 21, 38045, 'Septiembre'),
(22, 22, 31831, 'Octubre'),
(23, 23, 35021, 'Noviembre'),
(24, 24, 39610, 'Diciembre'),
(25, 25, 32990, 'Enero'),
(26, 26, 36118, 'Febrero'),
(27, 27, 31623, 'Marzo'),
(28, 28, 39762, 'Abril'),
(29, 29, 33942, 'Mayo'),
(30, 30, 30422, 'Junio'),
(31, 31, 30285, 'Julio'),
(32, 32, 30160, 'Agosto'),
(33, 33, 39943, 'Septiembre'),
(34, 34, 39238, 'Octubre'),
(35, 35, 36362, 'Noviembre'),
(36, 36, 34098, 'Diciembre'),
(37, 37, 31402, 'Enero'),
(38, 38, 34718, 'Febrero'),
(39, 39, 39384, 'Marzo'),
(40, 40, 32765, 'Abril'),
(41, 41, 35677, 'Mayo'),
(42, 42, 30087, 'Junio'),
(43, 43, 33405, 'Julio'),
(44, 44, 36764, 'Agosto'),
(45, 45, 33608, 'Septiembre'),
(46, 46, 37748, 'Octubre'),
(47, 47, 37915, 'Noviembre'),
(48, 48, 36333, 'Diciembre'),
(49, 49, 37921, 'Enero'),
(50, 50, 30604, 'Febrero'),
(51, 51, 39259, 'Marzo'),
(52, 52, 34484, 'Abril'),
(53, 53, 34645, 'Mayo'),
(54, 54, 39771, 'Junio'),
(55, 55, 34923, 'Julio'),
(56, 56, 35301, 'Agosto'),
(57, 57, 31736, 'Septiembre'),
(58, 58, 32776, 'Octubre'),
(59, 59, 38673, 'Noviembre'),
(60, 60, 35039, 'Diciembre'),
(61, 61, 39177, 'Enero'),
(62, 62, 30766, 'Febrero'),
(63, 63, 36301, 'Marzo'),
(64, 64, 39208, 'Abril'),
(65, 65, 37136, 'Mayo'),
(66, 66, 38058, 'Junio'),
(67, 67, 38880, 'Julio'),
(68, 68, 30228, 'Agosto'),
(69, 69, 34502, 'Septiembre'),
(70, 70, 31824, 'Octubre'),
(71, 71, 35614, 'Noviembre'),
(72, 72, 32601, 'Diciembre');

--
-- Índices para tablas volcadas
--

--
-- Indices de la tabla `dim_estado`
--
ALTER TABLE `dim_estado`
  ADD PRIMARY KEY (`id_estado_dwh`);

--
-- Indices de la tabla `dim_tiempo`
--
ALTER TABLE `dim_tiempo`
  ADD PRIMARY KEY (`id_tiempo`);

--
-- Indices de la tabla `hechos_abandono_estatal`
--
ALTER TABLE `hechos_abandono_estatal`
  ADD PRIMARY KEY (`id_hecho`),
  ADD KEY `fk_tiempo` (`fk_tiempo`),
  ADD KEY `fk_estado` (`fk_estado`);

--
-- Indices de la tabla `hechos_abandono_gatos`
--
ALTER TABLE `hechos_abandono_gatos`
  ADD PRIMARY KEY (`id_hecho`),
  ADD KEY `fk_tiempo` (`fk_tiempo`);

--
-- Indices de la tabla `hechos_abandono_perros`
--
ALTER TABLE `hechos_abandono_perros`
  ADD PRIMARY KEY (`id_hecho`),
  ADD KEY `fk_tiempo` (`fk_tiempo`);

--
-- AUTO_INCREMENT de las tablas volcadas
--

--
-- AUTO_INCREMENT de la tabla `dim_estado`
--
ALTER TABLE `dim_estado`
  MODIFY `id_estado_dwh` int(11) NOT NULL AUTO_INCREMENT, AUTO_INCREMENT=33;

--
-- AUTO_INCREMENT de la tabla `dim_tiempo`
--
ALTER TABLE `dim_tiempo`
  MODIFY `id_tiempo` int(11) NOT NULL AUTO_INCREMENT, AUTO_INCREMENT=73;

--
-- AUTO_INCREMENT de la tabla `hechos_abandono_estatal`
--
ALTER TABLE `hechos_abandono_estatal`
  MODIFY `id_hecho` int(11) NOT NULL AUTO_INCREMENT, AUTO_INCREMENT=4096;

--
-- AUTO_INCREMENT de la tabla `hechos_abandono_gatos`
--
ALTER TABLE `hechos_abandono_gatos`
  MODIFY `id_hecho` int(11) NOT NULL AUTO_INCREMENT, AUTO_INCREMENT=128;

--
-- AUTO_INCREMENT de la tabla `hechos_abandono_perros`
--
ALTER TABLE `hechos_abandono_perros`
  MODIFY `id_hecho` int(11) NOT NULL AUTO_INCREMENT, AUTO_INCREMENT=128;

--
-- Restricciones para tablas volcadas
--

--
-- Filtros para la tabla `hechos_abandono_estatal`
--
ALTER TABLE `hechos_abandono_estatal`
  ADD CONSTRAINT `hechos_abandono_estatal_ibfk_1` FOREIGN KEY (`fk_tiempo`) REFERENCES `dim_tiempo` (`id_tiempo`),
  ADD CONSTRAINT `hechos_abandono_estatal_ibfk_2` FOREIGN KEY (`fk_estado`) REFERENCES `dim_estado` (`id_estado_dwh`);

--
-- Filtros para la tabla `hechos_abandono_gatos`
--
ALTER TABLE `hechos_abandono_gatos`
  ADD CONSTRAINT `hechos_abandono_gatos_ibfk_1` FOREIGN KEY (`fk_tiempo`) REFERENCES `dim_tiempo` (`id_tiempo`);

--
-- Filtros para la tabla `hechos_abandono_perros`
--
ALTER TABLE `hechos_abandono_perros`
  ADD CONSTRAINT `hechos_abandono_perros_ibfk_1` FOREIGN KEY (`fk_tiempo`) REFERENCES `dim_tiempo` (`id_tiempo`);
COMMIT;

/*!40101 SET CHARACTER_SET_CLIENT=@OLD_CHARACTER_SET_CLIENT */;
/*!40101 SET CHARACTER_SET_RESULTS=@OLD_CHARACTER_SET_RESULTS */;
/*!40101 SET COLLATION_CONNECTION=@OLD_COLLATION_CONNECTION */;
